Insert into TIPOS_DOCUMENTOS (ID_TIPO_DOCUMENTO,ID_SUPERIOR,NOMBRE,PLAZO_RESPUESTA,SECUENCIA,ACTIVO,ETIQUETA,TIPO_CORRELATIVO) values (1,0,'Partida de Nacimiento',5,null,'S',null,null);
Insert into TIPOS_DOCUMENTOS (ID_TIPO_DOCUMENTO,ID_SUPERIOR,NOMBRE,PLAZO_RESPUESTA,SECUENCIA,ACTIVO,ETIQUETA,TIPO_CORRELATIVO) values (2,1,'Natural',null,0,'S','Tipo de solicitante',null);
Insert into TIPOS_DOCUMENTOS (ID_TIPO_DOCUMENTO,ID_SUPERIOR,NOMBRE,PLAZO_RESPUESTA,SECUENCIA,ACTIVO,ETIQUETA,TIPO_CORRELATIVO) values (3,2,'Declaracion Directa',null,0,'S','Tipo de registro',null);
Insert into TIPOS_DOCUMENTOS (ID_TIPO_DOCUMENTO,ID_SUPERIOR,NOMBRE,PLAZO_RESPUESTA,SECUENCIA,ACTIVO,ETIQUETA,TIPO_CORRELATIVO) values (4,3,'Mayor de edad con documento',null,0,'S','Tipo de documento',null);
Insert into TIPOS_DOCUMENTOS (ID_TIPO_DOCUMENTO,ID_SUPERIOR,NOMBRE,PLAZO_RESPUESTA,SECUENCIA,ACTIVO,ETIQUETA,TIPO_CORRELATIVO) values (5,4,'Si',null,0,'S','Presenta documento de hospital',null);
Insert into TIPOS_DOCUMENTOS (ID_TIPO_DOCUMENTO,ID_SUPERIOR,NOMBRE,PLAZO_RESPUESTA,SECUENCIA,ACTIVO,ETIQUETA,TIPO_CORRELATIVO) values (6,4,'No',null,0,'S','Presenta documento de hospital',null);
Insert into TIPOS_DOCUMENTOS (ID_TIPO_DOCUMENTO,ID_SUPERIOR,NOMBRE,PLAZO_RESPUESTA,SECUENCIA,ACTIVO,ETIQUETA,TIPO_CORRELATIVO) values (7,0,'Matrimonio',5,1,'S','Tipo de partida','MAT');
Insert into TIPOS_DOCUMENTOS (ID_TIPO_DOCUMENTO,ID_SUPERIOR,NOMBRE,PLAZO_RESPUESTA,SECUENCIA,ACTIVO,ETIQUETA,TIPO_CORRELATIVO) values (8,0,'Union no Matrimonial',5,1,'S','Tipo de partida','UNM');

Insert into ROLES (ID_ROL,NOMBRE,ACTIVO) values (1,'Verificador','S');
Insert into ROLES (ID_ROL,NOMBRE,ACTIVO) values (2,'Registrador','S');

INSERT INTO ETAPAS (ID_ETAPA, NOMBRE, ACTIVO) VALUES (1, 'Solicitante', 'S');

INSERT INTO ROLES_ETAPAS (ID_ROL_ETAPA, ID_ROL, ID_ETAPA, ACTIVO) VALUES (1, 1, 1, 'S');
INSERT INTO ROLES_ETAPAS (ID_ROL_ETAPA, ID_ROL, ID_ETAPA, ACTIVO) VALUES (2, 2, 1, 'S');

Insert into SECCIONES (ID_SECCION,NOMBRE,SECUENCIA,ACTIVO,ID_TIPO_DOCUMENTO,ID_SUPERIOR, ID_ETAPA, VENTANA_EMERGENTE) values (1,'Solicitante',1,'S',5,0, 1, 'N');
Insert into SECCIONES (ID_SECCION,NOMBRE,SECUENCIA,ACTIVO,ID_TIPO_DOCUMENTO,ID_SUPERIOR, ID_ETAPA, VENTANA_EMERGENTE) values (2,'Generales',2,'S',5,0, 1, 'N');
Insert into SECCIONES (ID_SECCION,NOMBRE,SECUENCIA,ACTIVO,ID_TIPO_DOCUMENTO,ID_SUPERIOR, ID_ETAPA, VENTANA_EMERGENTE) values (3,'Datos de la Solicitud',1,'S',5,2, 1, 'N');
Insert into SECCIONES (ID_SECCION,NOMBRE,SECUENCIA,ACTIVO,ID_TIPO_DOCUMENTO,ID_SUPERIOR, ID_ETAPA, VENTANA_EMERGENTE) values (4,'Padres',3,'S',5,0, 1, 'N');
Insert into SECCIONES (ID_SECCION,NOMBRE,SECUENCIA,ACTIVO,ID_TIPO_DOCUMENTO,ID_SUPERIOR, ID_ETAPA, VENTANA_EMERGENTE) values (5,'Detalles de la madre',1,'S',5,4, 1, 'N');
Insert into SECCIONES (ID_SECCION,NOMBRE,SECUENCIA,ACTIVO,ID_TIPO_DOCUMENTO,ID_SUPERIOR, ID_ETAPA, VENTANA_EMERGENTE) values (6,'Origen de la madre',2,'S',5,4, 1, 'N');
Insert into SECCIONES (ID_SECCION,NOMBRE,SECUENCIA,ACTIVO,ID_TIPO_DOCUMENTO,ID_SUPERIOR, ID_ETAPA, VENTANA_EMERGENTE) values (7,'Direccion de la madre',3,'S',5,4, 1, 'N');
Insert into SECCIONES (ID_SECCION,NOMBRE,SECUENCIA,ACTIVO,ID_TIPO_DOCUMENTO,ID_SUPERIOR, ID_ETAPA, VENTANA_EMERGENTE) values (8,'Datos Estadísticos de la madre',4,'S',5,4, 1, 'N');
Insert into SECCIONES (ID_SECCION,NOMBRE,SECUENCIA,ACTIVO,ID_TIPO_DOCUMENTO,ID_SUPERIOR, ID_ETAPA, VENTANA_EMERGENTE) values (9,'Detalles del padre',5,'S',5,4, 1, 'N');
Insert into SECCIONES (ID_SECCION,NOMBRE,SECUENCIA,ACTIVO,ID_TIPO_DOCUMENTO,ID_SUPERIOR, ID_ETAPA, VENTANA_EMERGENTE) values (10,'Origen del padre',6,'S',5,4, 1, 'N');
Insert into SECCIONES (ID_SECCION,NOMBRE,SECUENCIA,ACTIVO,ID_TIPO_DOCUMENTO,ID_SUPERIOR, ID_ETAPA, VENTANA_EMERGENTE) values (11,'Direccion del padre',7,'S',5,4, 1, 'N');
Insert into SECCIONES (ID_SECCION,NOMBRE,SECUENCIA,ACTIVO,ID_TIPO_DOCUMENTO,ID_SUPERIOR, ID_ETAPA, VENTANA_EMERGENTE) values (12,'Datos Estadísticos del padre',8,'S',5,4, 1, 'N');
Insert into SECCIONES (ID_SECCION,NOMBRE,SECUENCIA,ACTIVO,ID_TIPO_DOCUMENTO,ID_SUPERIOR, ID_ETAPA, VENTANA_EMERGENTE) values (13,'Inscrito',4,'S',5,0, 1, 'N');
Insert into SECCIONES (ID_SECCION,NOMBRE,SECUENCIA,ACTIVO,ID_TIPO_DOCUMENTO,ID_SUPERIOR, ID_ETAPA, VENTANA_EMERGENTE) values (14,'Datos del inscrito',1,'S',5,13, 1, 'N');
Insert into SECCIONES (ID_SECCION,NOMBRE,SECUENCIA,ACTIVO,ID_TIPO_DOCUMENTO,ID_SUPERIOR, ID_ETAPA, VENTANA_EMERGENTE) values (15,'Informante',5,'S',5,0, 1, 'N');
Insert into SECCIONES (ID_SECCION,NOMBRE,SECUENCIA,ACTIVO,ID_TIPO_DOCUMENTO,ID_SUPERIOR, ID_ETAPA, VENTANA_EMERGENTE) values (16,'Solicitante',1,'S',6,0, 1, 'N');
Insert into SECCIONES (ID_SECCION,NOMBRE,SECUENCIA,ACTIVO,ID_TIPO_DOCUMENTO,ID_SUPERIOR, ID_ETAPA, VENTANA_EMERGENTE) values (17,'Generales',2,'S',6,0, 1, 'N');
Insert into SECCIONES (ID_SECCION,NOMBRE,SECUENCIA,ACTIVO,ID_TIPO_DOCUMENTO,ID_SUPERIOR, ID_ETAPA, VENTANA_EMERGENTE) values (18,'Padres',3,'S',6,0, 1, 'N');
Insert into SECCIONES (ID_SECCION,NOMBRE,SECUENCIA,ACTIVO,ID_TIPO_DOCUMENTO,ID_SUPERIOR, ID_ETAPA, VENTANA_EMERGENTE) values (19,'Detalles de la madre',1,'S',6,18, 1, 'N');
Insert into SECCIONES (ID_SECCION,NOMBRE,SECUENCIA,ACTIVO,ID_TIPO_DOCUMENTO,ID_SUPERIOR, ID_ETAPA, VENTANA_EMERGENTE) values (20,'Origen de la madre',2,'S',6,18, 1, 'N');
Insert into SECCIONES (ID_SECCION,NOMBRE,SECUENCIA,ACTIVO,ID_TIPO_DOCUMENTO,ID_SUPERIOR, ID_ETAPA, VENTANA_EMERGENTE) values (21,'Direccion de la madre',3,'S',6,18, 1, 'N');
Insert into SECCIONES (ID_SECCION,NOMBRE,SECUENCIA,ACTIVO,ID_TIPO_DOCUMENTO,ID_SUPERIOR, ID_ETAPA, VENTANA_EMERGENTE) values (22,'Datos Estadísticos de la madre',4,'S',6,18, 1, 'N');
Insert into SECCIONES (ID_SECCION,NOMBRE,SECUENCIA,ACTIVO,ID_TIPO_DOCUMENTO,ID_SUPERIOR, ID_ETAPA, VENTANA_EMERGENTE) values (23,'Detalles del padre',5,'S',6,18, 1, 'N');
Insert into SECCIONES (ID_SECCION,NOMBRE,SECUENCIA,ACTIVO,ID_TIPO_DOCUMENTO,ID_SUPERIOR, ID_ETAPA, VENTANA_EMERGENTE) values (24,'Origen del padre',6,'S',6,18, 1, 'N');
Insert into SECCIONES (ID_SECCION,NOMBRE,SECUENCIA,ACTIVO,ID_TIPO_DOCUMENTO,ID_SUPERIOR, ID_ETAPA, VENTANA_EMERGENTE) values (25,'Direccion del padre',7,'S',6,18, 1, 'N');
Insert into SECCIONES (ID_SECCION,NOMBRE,SECUENCIA,ACTIVO,ID_TIPO_DOCUMENTO,ID_SUPERIOR, ID_ETAPA, VENTANA_EMERGENTE) values (26,'Datos Estadísticos del padre',8,'S',6,18, 1, 'N');
Insert into SECCIONES (ID_SECCION,NOMBRE,SECUENCIA,ACTIVO,ID_TIPO_DOCUMENTO,ID_SUPERIOR, ID_ETAPA, VENTANA_EMERGENTE) values (27,'Inscrito',4,'S',6,0, 1, 'N');
Insert into SECCIONES (ID_SECCION,NOMBRE,SECUENCIA,ACTIVO,ID_TIPO_DOCUMENTO,ID_SUPERIOR, ID_ETAPA, VENTANA_EMERGENTE) values (28,'Datos del inscrito',1,'S',6,27, 1, 'N');
Insert into SECCIONES (ID_SECCION,NOMBRE,SECUENCIA,ACTIVO,ID_TIPO_DOCUMENTO,ID_SUPERIOR, ID_ETAPA, VENTANA_EMERGENTE) values (29,'Informante',5,'S',6,0, 1, 'N');
Insert into SECCIONES (ID_SECCION,NOMBRE,SECUENCIA,ACTIVO,ID_TIPO_DOCUMENTO,ID_SUPERIOR, ID_ETAPA, VENTANA_EMERGENTE) values (31,'Datos de la Solicitud',1,'S',6,17, 1, 'N');
Insert into SECCIONES (ID_SECCION,NOMBRE,SECUENCIA,ACTIVO,ID_TIPO_DOCUMENTO,ID_SUPERIOR, ID_ETAPA, VENTANA_EMERGENTE) values (32,'Testigo del Hecho',2,'S',6,17, 1, 'N');

Insert into CAT_CAMPOS (ID_CAMPO,NOMBRE,TIPO,VALOR_PREDETERMINADO,OBLIGATORIO,ANCHO,EJEMPLO,AYUDA,ACTIVO) values (1,'Tipo de Documento','text',null,null,'50%',null,null,'S');
Insert into CAT_CAMPOS (ID_CAMPO,NOMBRE,TIPO,VALOR_PREDETERMINADO,OBLIGATORIO,ANCHO,EJEMPLO,AYUDA,ACTIVO) values (2,'Numero de Documento','text',null,null,'50%',null,null,'S');
Insert into CAT_CAMPOS (ID_CAMPO,NOMBRE,TIPO,VALOR_PREDETERMINADO,OBLIGATORIO,ANCHO,EJEMPLO,AYUDA,ACTIVO) values (3,'Parentesco','text',null,null,'50%',null,null,'S');
Insert into CAT_CAMPOS (ID_CAMPO,NOMBRE,TIPO,VALOR_PREDETERMINADO,OBLIGATORIO,ANCHO,EJEMPLO,AYUDA,ACTIVO) values (4,'Primer Nombre','text',null,null,'50%',null,null,'S');
Insert into CAT_CAMPOS (ID_CAMPO,NOMBRE,TIPO,VALOR_PREDETERMINADO,OBLIGATORIO,ANCHO,EJEMPLO,AYUDA,ACTIVO) values (5,'Segundo Nombre','text',null,null,'50%',null,null,'S');
Insert into CAT_CAMPOS (ID_CAMPO,NOMBRE,TIPO,VALOR_PREDETERMINADO,OBLIGATORIO,ANCHO,EJEMPLO,AYUDA,ACTIVO) values (6,'Primer Apellido','text',null,null,'50%',null,null,'S');
Insert into CAT_CAMPOS (ID_CAMPO,NOMBRE,TIPO,VALOR_PREDETERMINADO,OBLIGATORIO,ANCHO,EJEMPLO,AYUDA,ACTIVO) values (7,'Segundo Apellido','text',null,null,'50%',null,null,'S');
Insert into CAT_CAMPOS (ID_CAMPO,NOMBRE,TIPO,VALOR_PREDETERMINADO,OBLIGATORIO,ANCHO,EJEMPLO,AYUDA,ACTIVO) values (8,'Fecha de Nacimiento','date',null,'S','50%',null,null,'S');
Insert into CAT_CAMPOS (ID_CAMPO,NOMBRE,TIPO,VALOR_PREDETERMINADO,OBLIGATORIO,ANCHO,EJEMPLO,AYUDA,ACTIVO) values (9,'Lugar de Nacimiento','text',null,null,'50%',null,null,'S');
Insert into CAT_CAMPOS (ID_CAMPO,NOMBRE,TIPO,VALOR_PREDETERMINADO,OBLIGATORIO,ANCHO,EJEMPLO,AYUDA,ACTIVO) values (10,'Fecha de Registro','date',null,null,'50%',null,null,'S');
Insert into CAT_CAMPOS (ID_CAMPO,NOMBRE,TIPO,VALOR_PREDETERMINADO,OBLIGATORIO,ANCHO,EJEMPLO,AYUDA,ACTIVO) values (11,'Distrito de Registro','text',null,null,'50%',null,null,'S');
Insert into CAT_CAMPOS (ID_CAMPO,NOMBRE,TIPO,VALOR_PREDETERMINADO,OBLIGATORIO,ANCHO,EJEMPLO,AYUDA,ACTIVO) values (12,'NUI','number',null,null,'50%',null,null,'S');
Insert into CAT_CAMPOS (ID_CAMPO,NOMBRE,TIPO,VALOR_PREDETERMINADO,OBLIGATORIO,ANCHO,EJEMPLO,AYUDA,ACTIVO) values (13,'Oficina de Registro','text',null,null,'50%',null,null,'S');
Insert into CAT_CAMPOS (ID_CAMPO,NOMBRE,TIPO,VALOR_PREDETERMINADO,OBLIGATORIO,ANCHO,EJEMPLO,AYUDA,ACTIVO) values (14,'Tercer Nombre','text',null,null,'50%',null,null,'S');
Insert into CAT_CAMPOS (ID_CAMPO,NOMBRE,TIPO,VALOR_PREDETERMINADO,OBLIGATORIO,ANCHO,EJEMPLO,AYUDA,ACTIVO) values (15,'Estado Familiar','text',null,null,'50%',null,null,'S');
Insert into CAT_CAMPOS (ID_CAMPO,NOMBRE,TIPO,VALOR_PREDETERMINADO,OBLIGATORIO,ANCHO,EJEMPLO,AYUDA,ACTIVO) values (16,'Edad','number',null,null,'50%',null,null,'S');
Insert into CAT_CAMPOS (ID_CAMPO,NOMBRE,TIPO,VALOR_PREDETERMINADO,OBLIGATORIO,ANCHO,EJEMPLO,AYUDA,ACTIVO) values (17,'Nacionalidad','text',null,null,'50%',null,null,'S');
Insert into CAT_CAMPOS (ID_CAMPO,NOMBRE,TIPO,VALOR_PREDETERMINADO,OBLIGATORIO,ANCHO,EJEMPLO,AYUDA,ACTIVO) values (18,'País de Nacimiento','text',null,null,'50%',null,null,'S');
Insert into CAT_CAMPOS (ID_CAMPO,NOMBRE,TIPO,VALOR_PREDETERMINADO,OBLIGATORIO,ANCHO,EJEMPLO,AYUDA,ACTIVO) values (19,'Departamento de Nacimiento','text',null,null,'50%',null,null,'S');
Insert into CAT_CAMPOS (ID_CAMPO,NOMBRE,TIPO,VALOR_PREDETERMINADO,OBLIGATORIO,ANCHO,EJEMPLO,AYUDA,ACTIVO) values (20,'Municipio de Nacimiento','text',null,null,'50%',null,null,'S');
Insert into CAT_CAMPOS (ID_CAMPO,NOMBRE,TIPO,VALOR_PREDETERMINADO,OBLIGATORIO,ANCHO,EJEMPLO,AYUDA,ACTIVO) values (21,'Distrito de Nacimiento','text',null,null,'50%',null,null,'S');
Insert into CAT_CAMPOS (ID_CAMPO,NOMBRE,TIPO,VALOR_PREDETERMINADO,OBLIGATORIO,ANCHO,EJEMPLO,AYUDA,ACTIVO) values (22,'Cantón de Nacimiento','text',null,null,'50%',null,null,'S');
Insert into CAT_CAMPOS (ID_CAMPO,NOMBRE,TIPO,VALOR_PREDETERMINADO,OBLIGATORIO,ANCHO,EJEMPLO,AYUDA,ACTIVO) values (23,'País de Residencia','text',null,null,'50%',null,null,'S');
Insert into CAT_CAMPOS (ID_CAMPO,NOMBRE,TIPO,VALOR_PREDETERMINADO,OBLIGATORIO,ANCHO,EJEMPLO,AYUDA,ACTIVO) values (24,'Departamento de Residencia','text',null,null,'50%',null,null,'S');
Insert into CAT_CAMPOS (ID_CAMPO,NOMBRE,TIPO,VALOR_PREDETERMINADO,OBLIGATORIO,ANCHO,EJEMPLO,AYUDA,ACTIVO) values (25,'Municipio de Residencia','text',null,null,'50%',null,null,'S');
Insert into CAT_CAMPOS (ID_CAMPO,NOMBRE,TIPO,VALOR_PREDETERMINADO,OBLIGATORIO,ANCHO,EJEMPLO,AYUDA,ACTIVO) values (26,'Distrito de Residencia','text',null,null,'50%',null,null,'S');
Insert into CAT_CAMPOS (ID_CAMPO,NOMBRE,TIPO,VALOR_PREDETERMINADO,OBLIGATORIO,ANCHO,EJEMPLO,AYUDA,ACTIVO) values (27,'Cantón de Residencia','text',null,null,'50%',null,null,'S');
Insert into CAT_CAMPOS (ID_CAMPO,NOMBRE,TIPO,VALOR_PREDETERMINADO,OBLIGATORIO,ANCHO,EJEMPLO,AYUDA,ACTIVO) values (28,'Dirección Específica de Residencia','text',null,null,'50%',null,null,'S');
Insert into CAT_CAMPOS (ID_CAMPO,NOMBRE,TIPO,VALOR_PREDETERMINADO,OBLIGATORIO,ANCHO,EJEMPLO,AYUDA,ACTIVO) values (29,'Profesión u Oficio','text',null,null,'50%',null,null,'S');
Insert into CAT_CAMPOS (ID_CAMPO,NOMBRE,TIPO,VALOR_PREDETERMINADO,OBLIGATORIO,ANCHO,EJEMPLO,AYUDA,ACTIVO) values (30,'Ocupación Actual','text',null,null,'50%',null,null,'S');
Insert into CAT_CAMPOS (ID_CAMPO,NOMBRE,TIPO,VALOR_PREDETERMINADO,OBLIGATORIO,ANCHO,EJEMPLO,AYUDA,ACTIVO) values (31,'Sabe leer y escribir','text',null,null,'50%',null,null,'S');
Insert into CAT_CAMPOS (ID_CAMPO,NOMBRE,TIPO,VALOR_PREDETERMINADO,OBLIGATORIO,ANCHO,EJEMPLO,AYUDA,ACTIVO) values (32,'Grado Aprobado','text',null,null,'50%',null,null,'S');
Insert into CAT_CAMPOS (ID_CAMPO,NOMBRE,TIPO,VALOR_PREDETERMINADO,OBLIGATORIO,ANCHO,EJEMPLO,AYUDA,ACTIVO) values (33,'Número de hijos que ha tenido la madre','number',null,null,'50%',null,null,'S');
Insert into CAT_CAMPOS (ID_CAMPO,NOMBRE,TIPO,VALOR_PREDETERMINADO,OBLIGATORIO,ANCHO,EJEMPLO,AYUDA,ACTIVO) values (34,'Nacidos vivos que continuan vivos','number',null,null,'50%',null,null,'S');
Insert into CAT_CAMPOS (ID_CAMPO,NOMBRE,TIPO,VALOR_PREDETERMINADO,OBLIGATORIO,ANCHO,EJEMPLO,AYUDA,ACTIVO) values (35,'Nacidos vivos que han fallecido','number',null,null,'50%',null,null,'S');
Insert into CAT_CAMPOS (ID_CAMPO,NOMBRE,TIPO,VALOR_PREDETERMINADO,OBLIGATORIO,ANCHO,EJEMPLO,AYUDA,ACTIVO) values (36,'Nacieron muertos','number',null,null,'50%',null,null,'S');
Insert into CAT_CAMPOS (ID_CAMPO,NOMBRE,TIPO,VALOR_PREDETERMINADO,OBLIGATORIO,ANCHO,EJEMPLO,AYUDA,ACTIVO) values (37,'Tipo de Parto','text',null,null,'50%',null,null,'S');
Insert into CAT_CAMPOS (ID_CAMPO,NOMBRE,TIPO,VALOR_PREDETERMINADO,OBLIGATORIO,ANCHO,EJEMPLO,AYUDA,ACTIVO) values (38,'Clase de Parto','text',null,null,'50%',null,null,'S');
Insert into CAT_CAMPOS (ID_CAMPO,NOMBRE,TIPO,VALOR_PREDETERMINADO,OBLIGATORIO,ANCHO,EJEMPLO,AYUDA,ACTIVO) values (39,'Duración de embarazo en semanas','number',null,null,'50%',null,null,'S');
Insert into CAT_CAMPOS (ID_CAMPO,NOMBRE,TIPO,VALOR_PREDETERMINADO,OBLIGATORIO,ANCHO,EJEMPLO,AYUDA,ACTIVO) values (40,'Tipo de asistencia','text',null,null,'50%',null,null,'S');
Insert into CAT_CAMPOS (ID_CAMPO,NOMBRE,TIPO,VALOR_PREDETERMINADO,OBLIGATORIO,ANCHO,EJEMPLO,AYUDA,ACTIVO) values (41,'Nombre del asistente','text',null,null,'50%',null,null,'S');
Insert into CAT_CAMPOS (ID_CAMPO,NOMBRE,TIPO,VALOR_PREDETERMINADO,OBLIGATORIO,ANCHO,EJEMPLO,AYUDA,ACTIVO) values (42,'Tipo de Centro de Salud','text',null,null,'50%',null,null,'S');
Insert into CAT_CAMPOS (ID_CAMPO,NOMBRE,TIPO,VALOR_PREDETERMINADO,OBLIGATORIO,ANCHO,EJEMPLO,AYUDA,ACTIVO) values (43,'Dirección especifica de Nacimiento','text',null,null,'50%',null,null,'S');
Insert into CAT_CAMPOS (ID_CAMPO,NOMBRE,TIPO,VALOR_PREDETERMINADO,OBLIGATORIO,ANCHO,EJEMPLO,AYUDA,ACTIVO) values (44,'Peso al nacer en gramos','number',null,null,'50%',null,null,'S');
Insert into CAT_CAMPOS (ID_CAMPO,NOMBRE,TIPO,VALOR_PREDETERMINADO,OBLIGATORIO,ANCHO,EJEMPLO,AYUDA,ACTIVO) values (45,'Talla al nacer en centimetros','number',null,null,'50%',null,null,'S');
Insert into CAT_CAMPOS (ID_CAMPO,NOMBRE,TIPO,VALOR_PREDETERMINADO,OBLIGATORIO,ANCHO,EJEMPLO,AYUDA,ACTIVO) values (46,'Hora de Nacimiento','time',null,null,'50%',null,null,'S');
Insert into CAT_CAMPOS (ID_CAMPO,NOMBRE,TIPO,VALOR_PREDETERMINADO,OBLIGATORIO,ANCHO,EJEMPLO,AYUDA,ACTIVO) values (47,'Genero','text',null,null,'50%',null,null,'S');
Insert into CAT_CAMPOS (ID_CAMPO,NOMBRE,TIPO,VALOR_PREDETERMINADO,OBLIGATORIO,ANCHO,EJEMPLO,AYUDA,ACTIVO) values (48,'Número de Boleta','number',null,null,'50%',null,null,'S');
Insert into CAT_CAMPOS (ID_CAMPO,NOMBRE,TIPO,VALOR_PREDETERMINADO,OBLIGATORIO,ANCHO,EJEMPLO,AYUDA,ACTIVO) values (49,'Parentesco con el Inscrito','text',null,null,'50%',null,null,'S');
Insert into CAT_CAMPOS (ID_CAMPO,NOMBRE,TIPO,VALOR_PREDETERMINADO,OBLIGATORIO,ANCHO,EJEMPLO,AYUDA,ACTIVO) values (50,'Preposición del Apellido de Casada','text',null,null,'50%',null,null,'S');
Insert into CAT_CAMPOS (ID_CAMPO,NOMBRE,TIPO,VALOR_PREDETERMINADO,OBLIGATORIO,ANCHO,EJEMPLO,AYUDA,ACTIVO) values (51,'Departamento de residencia según DUI','text',null,null,'50%',null,null,'S');
Insert into CAT_CAMPOS (ID_CAMPO,NOMBRE,TIPO,VALOR_PREDETERMINADO,OBLIGATORIO,ANCHO,EJEMPLO,AYUDA,ACTIVO) values (52,'Distrito o Ciudad de residencia según DUI','text',null,null,'50%',null,null,'S');
Insert into CAT_CAMPOS (ID_CAMPO,NOMBRE,TIPO,VALOR_PREDETERMINADO,OBLIGATORIO,ANCHO,EJEMPLO,AYUDA,ACTIVO) values (53,'Apellido de Casada','text',null,null,'50%',null,null,'S');

Insert into PVT_CAMPOS_SECCIONES (ID_CAMPO_SECCION,ID_CAMPO,ID_SECCION,SECUENCIA,ACTIVO) values (459,3,1,3,'S');
Insert into PVT_CAMPOS_SECCIONES (ID_CAMPO_SECCION,ID_CAMPO,ID_SECCION,SECUENCIA,ACTIVO) values (460,4,1,4,'S');
Insert into PVT_CAMPOS_SECCIONES (ID_CAMPO_SECCION,ID_CAMPO,ID_SECCION,SECUENCIA,ACTIVO) values (461,5,1,5,'S');
Insert into PVT_CAMPOS_SECCIONES (ID_CAMPO_SECCION,ID_CAMPO,ID_SECCION,SECUENCIA,ACTIVO) values (462,6,1,6,'S');
Insert into PVT_CAMPOS_SECCIONES (ID_CAMPO_SECCION,ID_CAMPO,ID_SECCION,SECUENCIA,ACTIVO) values (463,7,1,7,'S');
Insert into PVT_CAMPOS_SECCIONES (ID_CAMPO_SECCION,ID_CAMPO,ID_SECCION,SECUENCIA,ACTIVO) values (464,8,1,8,'S');
Insert into PVT_CAMPOS_SECCIONES (ID_CAMPO_SECCION,ID_CAMPO,ID_SECCION,SECUENCIA,ACTIVO) values (465,9,1,9,'S');
Insert into PVT_CAMPOS_SECCIONES (ID_CAMPO_SECCION,ID_CAMPO,ID_SECCION,SECUENCIA,ACTIVO) values (466,10,3,10,'S');
Insert into PVT_CAMPOS_SECCIONES (ID_CAMPO_SECCION,ID_CAMPO,ID_SECCION,SECUENCIA,ACTIVO) values (467,11,3,11,'S');
Insert into PVT_CAMPOS_SECCIONES (ID_CAMPO_SECCION,ID_CAMPO,ID_SECCION,SECUENCIA,ACTIVO) values (468,12,3,12,'S');
Insert into PVT_CAMPOS_SECCIONES (ID_CAMPO_SECCION,ID_CAMPO,ID_SECCION,SECUENCIA,ACTIVO) values (469,13,3,13,'S');
Insert into PVT_CAMPOS_SECCIONES (ID_CAMPO_SECCION,ID_CAMPO,ID_SECCION,SECUENCIA,ACTIVO) values (470,1,5,14,'S');
Insert into PVT_CAMPOS_SECCIONES (ID_CAMPO_SECCION,ID_CAMPO,ID_SECCION,SECUENCIA,ACTIVO) values (471,2,5,15,'S');
Insert into PVT_CAMPOS_SECCIONES (ID_CAMPO_SECCION,ID_CAMPO,ID_SECCION,SECUENCIA,ACTIVO) values (472,4,5,16,'S');
Insert into PVT_CAMPOS_SECCIONES (ID_CAMPO_SECCION,ID_CAMPO,ID_SECCION,SECUENCIA,ACTIVO) values (473,5,5,17,'S');
Insert into PVT_CAMPOS_SECCIONES (ID_CAMPO_SECCION,ID_CAMPO,ID_SECCION,SECUENCIA,ACTIVO) values (474,14,5,18,'S');
Insert into PVT_CAMPOS_SECCIONES (ID_CAMPO_SECCION,ID_CAMPO,ID_SECCION,SECUENCIA,ACTIVO) values (475,6,5,19,'S');
Insert into PVT_CAMPOS_SECCIONES (ID_CAMPO_SECCION,ID_CAMPO,ID_SECCION,SECUENCIA,ACTIVO) values (476,7,5,20,'S');
Insert into PVT_CAMPOS_SECCIONES (ID_CAMPO_SECCION,ID_CAMPO,ID_SECCION,SECUENCIA,ACTIVO) values (477,15,5,21,'S');
Insert into PVT_CAMPOS_SECCIONES (ID_CAMPO_SECCION,ID_CAMPO,ID_SECCION,SECUENCIA,ACTIVO) values (478,8,5,22,'S');
Insert into PVT_CAMPOS_SECCIONES (ID_CAMPO_SECCION,ID_CAMPO,ID_SECCION,SECUENCIA,ACTIVO) values (479,16,5,23,'S');
Insert into PVT_CAMPOS_SECCIONES (ID_CAMPO_SECCION,ID_CAMPO,ID_SECCION,SECUENCIA,ACTIVO) values (480,17,5,24,'S');
Insert into PVT_CAMPOS_SECCIONES (ID_CAMPO_SECCION,ID_CAMPO,ID_SECCION,SECUENCIA,ACTIVO) values (481,18,6,25,'S');
Insert into PVT_CAMPOS_SECCIONES (ID_CAMPO_SECCION,ID_CAMPO,ID_SECCION,SECUENCIA,ACTIVO) values (482,19,6,26,'S');
Insert into PVT_CAMPOS_SECCIONES (ID_CAMPO_SECCION,ID_CAMPO,ID_SECCION,SECUENCIA,ACTIVO) values (483,20,6,27,'S');
Insert into PVT_CAMPOS_SECCIONES (ID_CAMPO_SECCION,ID_CAMPO,ID_SECCION,SECUENCIA,ACTIVO) values (484,21,6,28,'S');
Insert into PVT_CAMPOS_SECCIONES (ID_CAMPO_SECCION,ID_CAMPO,ID_SECCION,SECUENCIA,ACTIVO) values (485,22,6,29,'S');
Insert into PVT_CAMPOS_SECCIONES (ID_CAMPO_SECCION,ID_CAMPO,ID_SECCION,SECUENCIA,ACTIVO) values (486,23,7,30,'S');
Insert into PVT_CAMPOS_SECCIONES (ID_CAMPO_SECCION,ID_CAMPO,ID_SECCION,SECUENCIA,ACTIVO) values (487,24,7,31,'S');
Insert into PVT_CAMPOS_SECCIONES (ID_CAMPO_SECCION,ID_CAMPO,ID_SECCION,SECUENCIA,ACTIVO) values (488,25,7,32,'S');
Insert into PVT_CAMPOS_SECCIONES (ID_CAMPO_SECCION,ID_CAMPO,ID_SECCION,SECUENCIA,ACTIVO) values (489,26,7,33,'S');
Insert into PVT_CAMPOS_SECCIONES (ID_CAMPO_SECCION,ID_CAMPO,ID_SECCION,SECUENCIA,ACTIVO) values (490,27,7,34,'S');
Insert into PVT_CAMPOS_SECCIONES (ID_CAMPO_SECCION,ID_CAMPO,ID_SECCION,SECUENCIA,ACTIVO) values (491,28,7,35,'S');
Insert into PVT_CAMPOS_SECCIONES (ID_CAMPO_SECCION,ID_CAMPO,ID_SECCION,SECUENCIA,ACTIVO) values (492,29,8,36,'S');
Insert into PVT_CAMPOS_SECCIONES (ID_CAMPO_SECCION,ID_CAMPO,ID_SECCION,SECUENCIA,ACTIVO) values (493,30,8,37,'S');
Insert into PVT_CAMPOS_SECCIONES (ID_CAMPO_SECCION,ID_CAMPO,ID_SECCION,SECUENCIA,ACTIVO) values (494,31,8,38,'S');
Insert into PVT_CAMPOS_SECCIONES (ID_CAMPO_SECCION,ID_CAMPO,ID_SECCION,SECUENCIA,ACTIVO) values (495,32,8,39,'S');
Insert into PVT_CAMPOS_SECCIONES (ID_CAMPO_SECCION,ID_CAMPO,ID_SECCION,SECUENCIA,ACTIVO) values (496,33,8,40,'S');
Insert into PVT_CAMPOS_SECCIONES (ID_CAMPO_SECCION,ID_CAMPO,ID_SECCION,SECUENCIA,ACTIVO) values (497,34,8,41,'S');
Insert into PVT_CAMPOS_SECCIONES (ID_CAMPO_SECCION,ID_CAMPO,ID_SECCION,SECUENCIA,ACTIVO) values (498,35,8,42,'S');
Insert into PVT_CAMPOS_SECCIONES (ID_CAMPO_SECCION,ID_CAMPO,ID_SECCION,SECUENCIA,ACTIVO) values (499,36,8,43,'S');
Insert into PVT_CAMPOS_SECCIONES (ID_CAMPO_SECCION,ID_CAMPO,ID_SECCION,SECUENCIA,ACTIVO) values (500,37,8,44,'S');
Insert into PVT_CAMPOS_SECCIONES (ID_CAMPO_SECCION,ID_CAMPO,ID_SECCION,SECUENCIA,ACTIVO) values (501,38,8,45,'S');
Insert into PVT_CAMPOS_SECCIONES (ID_CAMPO_SECCION,ID_CAMPO,ID_SECCION,SECUENCIA,ACTIVO) values (502,39,8,46,'S');
Insert into PVT_CAMPOS_SECCIONES (ID_CAMPO_SECCION,ID_CAMPO,ID_SECCION,SECUENCIA,ACTIVO) values (503,40,8,47,'S');
Insert into PVT_CAMPOS_SECCIONES (ID_CAMPO_SECCION,ID_CAMPO,ID_SECCION,SECUENCIA,ACTIVO) values (504,41,8,48,'S');
Insert into PVT_CAMPOS_SECCIONES (ID_CAMPO_SECCION,ID_CAMPO,ID_SECCION,SECUENCIA,ACTIVO) values (505,1,9,49,'S');
Insert into PVT_CAMPOS_SECCIONES (ID_CAMPO_SECCION,ID_CAMPO,ID_SECCION,SECUENCIA,ACTIVO) values (506,2,9,50,'S');
Insert into PVT_CAMPOS_SECCIONES (ID_CAMPO_SECCION,ID_CAMPO,ID_SECCION,SECUENCIA,ACTIVO) values (507,4,9,51,'S');
Insert into PVT_CAMPOS_SECCIONES (ID_CAMPO_SECCION,ID_CAMPO,ID_SECCION,SECUENCIA,ACTIVO) values (508,5,9,52,'S');
Insert into PVT_CAMPOS_SECCIONES (ID_CAMPO_SECCION,ID_CAMPO,ID_SECCION,SECUENCIA,ACTIVO) values (509,14,9,53,'S');
Insert into PVT_CAMPOS_SECCIONES (ID_CAMPO_SECCION,ID_CAMPO,ID_SECCION,SECUENCIA,ACTIVO) values (510,6,9,54,'S');
Insert into PVT_CAMPOS_SECCIONES (ID_CAMPO_SECCION,ID_CAMPO,ID_SECCION,SECUENCIA,ACTIVO) values (511,7,9,55,'S');
Insert into PVT_CAMPOS_SECCIONES (ID_CAMPO_SECCION,ID_CAMPO,ID_SECCION,SECUENCIA,ACTIVO) values (512,15,9,56,'S');
Insert into PVT_CAMPOS_SECCIONES (ID_CAMPO_SECCION,ID_CAMPO,ID_SECCION,SECUENCIA,ACTIVO) values (513,8,9,57,'S');
Insert into PVT_CAMPOS_SECCIONES (ID_CAMPO_SECCION,ID_CAMPO,ID_SECCION,SECUENCIA,ACTIVO) values (514,16,9,58,'S');
Insert into PVT_CAMPOS_SECCIONES (ID_CAMPO_SECCION,ID_CAMPO,ID_SECCION,SECUENCIA,ACTIVO) values (515,17,9,59,'S');
Insert into PVT_CAMPOS_SECCIONES (ID_CAMPO_SECCION,ID_CAMPO,ID_SECCION,SECUENCIA,ACTIVO) values (516,18,10,60,'S');
Insert into PVT_CAMPOS_SECCIONES (ID_CAMPO_SECCION,ID_CAMPO,ID_SECCION,SECUENCIA,ACTIVO) values (517,19,10,61,'S');
Insert into PVT_CAMPOS_SECCIONES (ID_CAMPO_SECCION,ID_CAMPO,ID_SECCION,SECUENCIA,ACTIVO) values (518,20,10,62,'S');
Insert into PVT_CAMPOS_SECCIONES (ID_CAMPO_SECCION,ID_CAMPO,ID_SECCION,SECUENCIA,ACTIVO) values (519,21,10,63,'S');
Insert into PVT_CAMPOS_SECCIONES (ID_CAMPO_SECCION,ID_CAMPO,ID_SECCION,SECUENCIA,ACTIVO) values (520,22,10,64,'S');
Insert into PVT_CAMPOS_SECCIONES (ID_CAMPO_SECCION,ID_CAMPO,ID_SECCION,SECUENCIA,ACTIVO) values (521,23,11,65,'S');
Insert into PVT_CAMPOS_SECCIONES (ID_CAMPO_SECCION,ID_CAMPO,ID_SECCION,SECUENCIA,ACTIVO) values (522,24,11,66,'S');
Insert into PVT_CAMPOS_SECCIONES (ID_CAMPO_SECCION,ID_CAMPO,ID_SECCION,SECUENCIA,ACTIVO) values (523,25,11,67,'S');
Insert into PVT_CAMPOS_SECCIONES (ID_CAMPO_SECCION,ID_CAMPO,ID_SECCION,SECUENCIA,ACTIVO) values (524,26,11,68,'S');
Insert into PVT_CAMPOS_SECCIONES (ID_CAMPO_SECCION,ID_CAMPO,ID_SECCION,SECUENCIA,ACTIVO) values (525,27,11,69,'S');
Insert into PVT_CAMPOS_SECCIONES (ID_CAMPO_SECCION,ID_CAMPO,ID_SECCION,SECUENCIA,ACTIVO) values (526,28,11,70,'S');
Insert into PVT_CAMPOS_SECCIONES (ID_CAMPO_SECCION,ID_CAMPO,ID_SECCION,SECUENCIA,ACTIVO) values (527,29,12,71,'S');
Insert into PVT_CAMPOS_SECCIONES (ID_CAMPO_SECCION,ID_CAMPO,ID_SECCION,SECUENCIA,ACTIVO) values (528,30,12,72,'S');
Insert into PVT_CAMPOS_SECCIONES (ID_CAMPO_SECCION,ID_CAMPO,ID_SECCION,SECUENCIA,ACTIVO) values (529,31,12,73,'S');
Insert into PVT_CAMPOS_SECCIONES (ID_CAMPO_SECCION,ID_CAMPO,ID_SECCION,SECUENCIA,ACTIVO) values (530,42,14,74,'S');
Insert into PVT_CAMPOS_SECCIONES (ID_CAMPO_SECCION,ID_CAMPO,ID_SECCION,SECUENCIA,ACTIVO) values (531,9,14,75,'S');
Insert into PVT_CAMPOS_SECCIONES (ID_CAMPO_SECCION,ID_CAMPO,ID_SECCION,SECUENCIA,ACTIVO) values (532,18,14,76,'S');
Insert into PVT_CAMPOS_SECCIONES (ID_CAMPO_SECCION,ID_CAMPO,ID_SECCION,SECUENCIA,ACTIVO) values (533,19,14,77,'S');
Insert into PVT_CAMPOS_SECCIONES (ID_CAMPO_SECCION,ID_CAMPO,ID_SECCION,SECUENCIA,ACTIVO) values (534,20,14,78,'S');
Insert into PVT_CAMPOS_SECCIONES (ID_CAMPO_SECCION,ID_CAMPO,ID_SECCION,SECUENCIA,ACTIVO) values (535,21,14,79,'S');
Insert into PVT_CAMPOS_SECCIONES (ID_CAMPO_SECCION,ID_CAMPO,ID_SECCION,SECUENCIA,ACTIVO) values (536,22,14,80,'S');
Insert into PVT_CAMPOS_SECCIONES (ID_CAMPO_SECCION,ID_CAMPO,ID_SECCION,SECUENCIA,ACTIVO) values (537,43,14,81,'S');
Insert into PVT_CAMPOS_SECCIONES (ID_CAMPO_SECCION,ID_CAMPO,ID_SECCION,SECUENCIA,ACTIVO) values (538,4,14,82,'S');
Insert into PVT_CAMPOS_SECCIONES (ID_CAMPO_SECCION,ID_CAMPO,ID_SECCION,SECUENCIA,ACTIVO) values (539,5,14,83,'S');
Insert into PVT_CAMPOS_SECCIONES (ID_CAMPO_SECCION,ID_CAMPO,ID_SECCION,SECUENCIA,ACTIVO) values (540,6,14,84,'S');
Insert into PVT_CAMPOS_SECCIONES (ID_CAMPO_SECCION,ID_CAMPO,ID_SECCION,SECUENCIA,ACTIVO) values (541,7,14,85,'S');
Insert into PVT_CAMPOS_SECCIONES (ID_CAMPO_SECCION,ID_CAMPO,ID_SECCION,SECUENCIA,ACTIVO) values (542,44,14,86,'S');
Insert into PVT_CAMPOS_SECCIONES (ID_CAMPO_SECCION,ID_CAMPO,ID_SECCION,SECUENCIA,ACTIVO) values (543,45,14,87,'S');
Insert into PVT_CAMPOS_SECCIONES (ID_CAMPO_SECCION,ID_CAMPO,ID_SECCION,SECUENCIA,ACTIVO) values (544,8,14,88,'S');
Insert into PVT_CAMPOS_SECCIONES (ID_CAMPO_SECCION,ID_CAMPO,ID_SECCION,SECUENCIA,ACTIVO) values (545,46,14,89,'S');
Insert into PVT_CAMPOS_SECCIONES (ID_CAMPO_SECCION,ID_CAMPO,ID_SECCION,SECUENCIA,ACTIVO) values (546,47,14,90,'S');
Insert into PVT_CAMPOS_SECCIONES (ID_CAMPO_SECCION,ID_CAMPO,ID_SECCION,SECUENCIA,ACTIVO) values (547,48,14,91,'S');
Insert into PVT_CAMPOS_SECCIONES (ID_CAMPO_SECCION,ID_CAMPO,ID_SECCION,SECUENCIA,ACTIVO) values (548,1,15,92,'S');
Insert into PVT_CAMPOS_SECCIONES (ID_CAMPO_SECCION,ID_CAMPO,ID_SECCION,SECUENCIA,ACTIVO) values (549,2,15,93,'S');
Insert into PVT_CAMPOS_SECCIONES (ID_CAMPO_SECCION,ID_CAMPO,ID_SECCION,SECUENCIA,ACTIVO) values (550,4,15,94,'S');
Insert into PVT_CAMPOS_SECCIONES (ID_CAMPO_SECCION,ID_CAMPO,ID_SECCION,SECUENCIA,ACTIVO) values (551,5,15,95,'S');
Insert into PVT_CAMPOS_SECCIONES (ID_CAMPO_SECCION,ID_CAMPO,ID_SECCION,SECUENCIA,ACTIVO) values (552,14,15,96,'S');
Insert into PVT_CAMPOS_SECCIONES (ID_CAMPO_SECCION,ID_CAMPO,ID_SECCION,SECUENCIA,ACTIVO) values (553,6,15,97,'S');
Insert into PVT_CAMPOS_SECCIONES (ID_CAMPO_SECCION,ID_CAMPO,ID_SECCION,SECUENCIA,ACTIVO) values (554,7,15,98,'S');
Insert into PVT_CAMPOS_SECCIONES (ID_CAMPO_SECCION,ID_CAMPO,ID_SECCION,SECUENCIA,ACTIVO) values (555,8,15,99,'S');
Insert into PVT_CAMPOS_SECCIONES (ID_CAMPO_SECCION,ID_CAMPO,ID_SECCION,SECUENCIA,ACTIVO) values (556,16,15,100,'S');
Insert into PVT_CAMPOS_SECCIONES (ID_CAMPO_SECCION,ID_CAMPO,ID_SECCION,SECUENCIA,ACTIVO) values (557,49,15,101,'S');
Insert into PVT_CAMPOS_SECCIONES (ID_CAMPO_SECCION,ID_CAMPO,ID_SECCION,SECUENCIA,ACTIVO) values (558,47,15,102,'S');
Insert into PVT_CAMPOS_SECCIONES (ID_CAMPO_SECCION,ID_CAMPO,ID_SECCION,SECUENCIA,ACTIVO) values (559,50,15,103,'S');
Insert into PVT_CAMPOS_SECCIONES (ID_CAMPO_SECCION,ID_CAMPO,ID_SECCION,SECUENCIA,ACTIVO) values (560,53,15,104,'S');
Insert into PVT_CAMPOS_SECCIONES (ID_CAMPO_SECCION,ID_CAMPO,ID_SECCION,SECUENCIA,ACTIVO) values (561,29,15,105,'S');
Insert into PVT_CAMPOS_SECCIONES (ID_CAMPO_SECCION,ID_CAMPO,ID_SECCION,SECUENCIA,ACTIVO) values (562,17,15,106,'S');
Insert into PVT_CAMPOS_SECCIONES (ID_CAMPO_SECCION,ID_CAMPO,ID_SECCION,SECUENCIA,ACTIVO) values (563,18,15,107,'S');
Insert into PVT_CAMPOS_SECCIONES (ID_CAMPO_SECCION,ID_CAMPO,ID_SECCION,SECUENCIA,ACTIVO) values (564,19,15,108,'S');
Insert into PVT_CAMPOS_SECCIONES (ID_CAMPO_SECCION,ID_CAMPO,ID_SECCION,SECUENCIA,ACTIVO) values (565,20,15,109,'S');
Insert into PVT_CAMPOS_SECCIONES (ID_CAMPO_SECCION,ID_CAMPO,ID_SECCION,SECUENCIA,ACTIVO) values (566,21,15,110,'S');
Insert into PVT_CAMPOS_SECCIONES (ID_CAMPO_SECCION,ID_CAMPO,ID_SECCION,SECUENCIA,ACTIVO) values (567,22,15,111,'S');
Insert into PVT_CAMPOS_SECCIONES (ID_CAMPO_SECCION,ID_CAMPO,ID_SECCION,SECUENCIA,ACTIVO) values (568,43,15,112,'S');
Insert into PVT_CAMPOS_SECCIONES (ID_CAMPO_SECCION,ID_CAMPO,ID_SECCION,SECUENCIA,ACTIVO) values (569,51,15,113,'S');
Insert into PVT_CAMPOS_SECCIONES (ID_CAMPO_SECCION,ID_CAMPO,ID_SECCION,SECUENCIA,ACTIVO) values (570,52,15,114,'S');
Insert into PVT_CAMPOS_SECCIONES (ID_CAMPO_SECCION,ID_CAMPO,ID_SECCION,SECUENCIA,ACTIVO) values (571,1,16,1,'S');
Insert into PVT_CAMPOS_SECCIONES (ID_CAMPO_SECCION,ID_CAMPO,ID_SECCION,SECUENCIA,ACTIVO) values (457,1,1,1,'S');
Insert into PVT_CAMPOS_SECCIONES (ID_CAMPO_SECCION,ID_CAMPO,ID_SECCION,SECUENCIA,ACTIVO) values (458,2,1,2,'S');
Insert into PVT_CAMPOS_SECCIONES (ID_CAMPO_SECCION,ID_CAMPO,ID_SECCION,SECUENCIA,ACTIVO) values (572,2,16,2,'S');
Insert into PVT_CAMPOS_SECCIONES (ID_CAMPO_SECCION,ID_CAMPO,ID_SECCION,SECUENCIA,ACTIVO) values (573,3,16,3,'S');
Insert into PVT_CAMPOS_SECCIONES (ID_CAMPO_SECCION,ID_CAMPO,ID_SECCION,SECUENCIA,ACTIVO) values (574,4,16,4,'S');
Insert into PVT_CAMPOS_SECCIONES (ID_CAMPO_SECCION,ID_CAMPO,ID_SECCION,SECUENCIA,ACTIVO) values (575,5,16,5,'S');
Insert into PVT_CAMPOS_SECCIONES (ID_CAMPO_SECCION,ID_CAMPO,ID_SECCION,SECUENCIA,ACTIVO) values (576,6,16,6,'S');
Insert into PVT_CAMPOS_SECCIONES (ID_CAMPO_SECCION,ID_CAMPO,ID_SECCION,SECUENCIA,ACTIVO) values (577,7,16,7,'S');
Insert into PVT_CAMPOS_SECCIONES (ID_CAMPO_SECCION,ID_CAMPO,ID_SECCION,SECUENCIA,ACTIVO) values (578,8,16,8,'S');
Insert into PVT_CAMPOS_SECCIONES (ID_CAMPO_SECCION,ID_CAMPO,ID_SECCION,SECUENCIA,ACTIVO) values (579,9,16,9,'S');
Insert into PVT_CAMPOS_SECCIONES (ID_CAMPO_SECCION,ID_CAMPO,ID_SECCION,SECUENCIA,ACTIVO) values (580,10,31,10,'S');
Insert into PVT_CAMPOS_SECCIONES (ID_CAMPO_SECCION,ID_CAMPO,ID_SECCION,SECUENCIA,ACTIVO) values (581,11,31,11,'S');
Insert into PVT_CAMPOS_SECCIONES (ID_CAMPO_SECCION,ID_CAMPO,ID_SECCION,SECUENCIA,ACTIVO) values (582,12,31,12,'S');
Insert into PVT_CAMPOS_SECCIONES (ID_CAMPO_SECCION,ID_CAMPO,ID_SECCION,SECUENCIA,ACTIVO) values (583,13,31,13,'S');
Insert into PVT_CAMPOS_SECCIONES (ID_CAMPO_SECCION,ID_CAMPO,ID_SECCION,SECUENCIA,ACTIVO) values (584,1,32,14,'S');
Insert into PVT_CAMPOS_SECCIONES (ID_CAMPO_SECCION,ID_CAMPO,ID_SECCION,SECUENCIA,ACTIVO) values (585,2,32,15,'S');
Insert into PVT_CAMPOS_SECCIONES (ID_CAMPO_SECCION,ID_CAMPO,ID_SECCION,SECUENCIA,ACTIVO) values (586,4,32,16,'S');
Insert into PVT_CAMPOS_SECCIONES (ID_CAMPO_SECCION,ID_CAMPO,ID_SECCION,SECUENCIA,ACTIVO) values (587,5,32,17,'S');
Insert into PVT_CAMPOS_SECCIONES (ID_CAMPO_SECCION,ID_CAMPO,ID_SECCION,SECUENCIA,ACTIVO) values (588,14,32,18,'S');
Insert into PVT_CAMPOS_SECCIONES (ID_CAMPO_SECCION,ID_CAMPO,ID_SECCION,SECUENCIA,ACTIVO) values (589,6,32,19,'S');
Insert into PVT_CAMPOS_SECCIONES (ID_CAMPO_SECCION,ID_CAMPO,ID_SECCION,SECUENCIA,ACTIVO) values (590,7,32,20,'S');
Insert into PVT_CAMPOS_SECCIONES (ID_CAMPO_SECCION,ID_CAMPO,ID_SECCION,SECUENCIA,ACTIVO) values (591,50,32,21,'S');
Insert into PVT_CAMPOS_SECCIONES (ID_CAMPO_SECCION,ID_CAMPO,ID_SECCION,SECUENCIA,ACTIVO) values (592,53,32,22,'S');
Insert into PVT_CAMPOS_SECCIONES (ID_CAMPO_SECCION,ID_CAMPO,ID_SECCION,SECUENCIA,ACTIVO) values (593,47,32,23,'S');
Insert into PVT_CAMPOS_SECCIONES (ID_CAMPO_SECCION,ID_CAMPO,ID_SECCION,SECUENCIA,ACTIVO) values (594,49,32,24,'S');
Insert into PVT_CAMPOS_SECCIONES (ID_CAMPO_SECCION,ID_CAMPO,ID_SECCION,SECUENCIA,ACTIVO) values (595,16,32,23,'S');
Insert into PVT_CAMPOS_SECCIONES (ID_CAMPO_SECCION,ID_CAMPO,ID_SECCION,SECUENCIA,ACTIVO) values (596,29,32,24,'S');
Insert into PVT_CAMPOS_SECCIONES (ID_CAMPO_SECCION,ID_CAMPO,ID_SECCION,SECUENCIA,ACTIVO) values (597,18,32,25,'S');
Insert into PVT_CAMPOS_SECCIONES (ID_CAMPO_SECCION,ID_CAMPO,ID_SECCION,SECUENCIA,ACTIVO) values (598,19,32,26,'S');
Insert into PVT_CAMPOS_SECCIONES (ID_CAMPO_SECCION,ID_CAMPO,ID_SECCION,SECUENCIA,ACTIVO) values (599,20,32,27,'S');
Insert into PVT_CAMPOS_SECCIONES (ID_CAMPO_SECCION,ID_CAMPO,ID_SECCION,SECUENCIA,ACTIVO) values (600,21,32,28,'S');
Insert into PVT_CAMPOS_SECCIONES (ID_CAMPO_SECCION,ID_CAMPO,ID_SECCION,SECUENCIA,ACTIVO) values (601,43,32,29,'S');
Insert into PVT_CAMPOS_SECCIONES (ID_CAMPO_SECCION,ID_CAMPO,ID_SECCION,SECUENCIA,ACTIVO) values (602,51,32,30,'S');
Insert into PVT_CAMPOS_SECCIONES (ID_CAMPO_SECCION,ID_CAMPO,ID_SECCION,SECUENCIA,ACTIVO) values (603,52,32,31,'S');
Insert into PVT_CAMPOS_SECCIONES (ID_CAMPO_SECCION,ID_CAMPO,ID_SECCION,SECUENCIA,ACTIVO) values (604,1,19,32,'S');
Insert into PVT_CAMPOS_SECCIONES (ID_CAMPO_SECCION,ID_CAMPO,ID_SECCION,SECUENCIA,ACTIVO) values (605,2,19,33,'S');
Insert into PVT_CAMPOS_SECCIONES (ID_CAMPO_SECCION,ID_CAMPO,ID_SECCION,SECUENCIA,ACTIVO) values (606,4,19,34,'S');
Insert into PVT_CAMPOS_SECCIONES (ID_CAMPO_SECCION,ID_CAMPO,ID_SECCION,SECUENCIA,ACTIVO) values (607,5,19,35,'S');
Insert into PVT_CAMPOS_SECCIONES (ID_CAMPO_SECCION,ID_CAMPO,ID_SECCION,SECUENCIA,ACTIVO) values (608,14,19,36,'S');
Insert into PVT_CAMPOS_SECCIONES (ID_CAMPO_SECCION,ID_CAMPO,ID_SECCION,SECUENCIA,ACTIVO) values (609,6,19,37,'S');
Insert into PVT_CAMPOS_SECCIONES (ID_CAMPO_SECCION,ID_CAMPO,ID_SECCION,SECUENCIA,ACTIVO) values (610,7,19,38,'S');
Insert into PVT_CAMPOS_SECCIONES (ID_CAMPO_SECCION,ID_CAMPO,ID_SECCION,SECUENCIA,ACTIVO) values (611,15,19,39,'S');
Insert into PVT_CAMPOS_SECCIONES (ID_CAMPO_SECCION,ID_CAMPO,ID_SECCION,SECUENCIA,ACTIVO) values (612,8,19,40,'S');
Insert into PVT_CAMPOS_SECCIONES (ID_CAMPO_SECCION,ID_CAMPO,ID_SECCION,SECUENCIA,ACTIVO) values (613,16,19,41,'S');
Insert into PVT_CAMPOS_SECCIONES (ID_CAMPO_SECCION,ID_CAMPO,ID_SECCION,SECUENCIA,ACTIVO) values (614,17,19,42,'S');
Insert into PVT_CAMPOS_SECCIONES (ID_CAMPO_SECCION,ID_CAMPO,ID_SECCION,SECUENCIA,ACTIVO) values (615,18,20,43,'S');
Insert into PVT_CAMPOS_SECCIONES (ID_CAMPO_SECCION,ID_CAMPO,ID_SECCION,SECUENCIA,ACTIVO) values (616,19,20,44,'S');
Insert into PVT_CAMPOS_SECCIONES (ID_CAMPO_SECCION,ID_CAMPO,ID_SECCION,SECUENCIA,ACTIVO) values (617,20,20,45,'S');
Insert into PVT_CAMPOS_SECCIONES (ID_CAMPO_SECCION,ID_CAMPO,ID_SECCION,SECUENCIA,ACTIVO) values (618,21,20,46,'S');
Insert into PVT_CAMPOS_SECCIONES (ID_CAMPO_SECCION,ID_CAMPO,ID_SECCION,SECUENCIA,ACTIVO) values (619,22,20,47,'S');
Insert into PVT_CAMPOS_SECCIONES (ID_CAMPO_SECCION,ID_CAMPO,ID_SECCION,SECUENCIA,ACTIVO) values (620,23,21,48,'S');
Insert into PVT_CAMPOS_SECCIONES (ID_CAMPO_SECCION,ID_CAMPO,ID_SECCION,SECUENCIA,ACTIVO) values (621,24,21,49,'S');
Insert into PVT_CAMPOS_SECCIONES (ID_CAMPO_SECCION,ID_CAMPO,ID_SECCION,SECUENCIA,ACTIVO) values (622,25,21,50,'S');
Insert into PVT_CAMPOS_SECCIONES (ID_CAMPO_SECCION,ID_CAMPO,ID_SECCION,SECUENCIA,ACTIVO) values (623,26,21,51,'S');
Insert into PVT_CAMPOS_SECCIONES (ID_CAMPO_SECCION,ID_CAMPO,ID_SECCION,SECUENCIA,ACTIVO) values (624,27,21,52,'S');
Insert into PVT_CAMPOS_SECCIONES (ID_CAMPO_SECCION,ID_CAMPO,ID_SECCION,SECUENCIA,ACTIVO) values (625,28,21,53,'S');
Insert into PVT_CAMPOS_SECCIONES (ID_CAMPO_SECCION,ID_CAMPO,ID_SECCION,SECUENCIA,ACTIVO) values (626,29,22,54,'S');
Insert into PVT_CAMPOS_SECCIONES (ID_CAMPO_SECCION,ID_CAMPO,ID_SECCION,SECUENCIA,ACTIVO) values (627,30,22,55,'S');
Insert into PVT_CAMPOS_SECCIONES (ID_CAMPO_SECCION,ID_CAMPO,ID_SECCION,SECUENCIA,ACTIVO) values (628,31,22,56,'S');
Insert into PVT_CAMPOS_SECCIONES (ID_CAMPO_SECCION,ID_CAMPO,ID_SECCION,SECUENCIA,ACTIVO) values (629,32,22,57,'S');
Insert into PVT_CAMPOS_SECCIONES (ID_CAMPO_SECCION,ID_CAMPO,ID_SECCION,SECUENCIA,ACTIVO) values (630,33,22,58,'S');
Insert into PVT_CAMPOS_SECCIONES (ID_CAMPO_SECCION,ID_CAMPO,ID_SECCION,SECUENCIA,ACTIVO) values (631,34,22,59,'S');
Insert into PVT_CAMPOS_SECCIONES (ID_CAMPO_SECCION,ID_CAMPO,ID_SECCION,SECUENCIA,ACTIVO) values (632,35,22,60,'S');
Insert into PVT_CAMPOS_SECCIONES (ID_CAMPO_SECCION,ID_CAMPO,ID_SECCION,SECUENCIA,ACTIVO) values (633,36,22,61,'S');
Insert into PVT_CAMPOS_SECCIONES (ID_CAMPO_SECCION,ID_CAMPO,ID_SECCION,SECUENCIA,ACTIVO) values (634,37,22,62,'S');
Insert into PVT_CAMPOS_SECCIONES (ID_CAMPO_SECCION,ID_CAMPO,ID_SECCION,SECUENCIA,ACTIVO) values (635,38,22,63,'S');
Insert into PVT_CAMPOS_SECCIONES (ID_CAMPO_SECCION,ID_CAMPO,ID_SECCION,SECUENCIA,ACTIVO) values (636,39,22,64,'S');
Insert into PVT_CAMPOS_SECCIONES (ID_CAMPO_SECCION,ID_CAMPO,ID_SECCION,SECUENCIA,ACTIVO) values (637,40,22,65,'S');
Insert into PVT_CAMPOS_SECCIONES (ID_CAMPO_SECCION,ID_CAMPO,ID_SECCION,SECUENCIA,ACTIVO) values (638,41,22,66,'S');
Insert into PVT_CAMPOS_SECCIONES (ID_CAMPO_SECCION,ID_CAMPO,ID_SECCION,SECUENCIA,ACTIVO) values (639,1,23,67,'S');
Insert into PVT_CAMPOS_SECCIONES (ID_CAMPO_SECCION,ID_CAMPO,ID_SECCION,SECUENCIA,ACTIVO) values (640,2,23,68,'S');
Insert into PVT_CAMPOS_SECCIONES (ID_CAMPO_SECCION,ID_CAMPO,ID_SECCION,SECUENCIA,ACTIVO) values (641,4,23,69,'S');
Insert into PVT_CAMPOS_SECCIONES (ID_CAMPO_SECCION,ID_CAMPO,ID_SECCION,SECUENCIA,ACTIVO) values (642,5,23,70,'S');
Insert into PVT_CAMPOS_SECCIONES (ID_CAMPO_SECCION,ID_CAMPO,ID_SECCION,SECUENCIA,ACTIVO) values (643,14,23,71,'S');
Insert into PVT_CAMPOS_SECCIONES (ID_CAMPO_SECCION,ID_CAMPO,ID_SECCION,SECUENCIA,ACTIVO) values (644,6,23,72,'S');
Insert into PVT_CAMPOS_SECCIONES (ID_CAMPO_SECCION,ID_CAMPO,ID_SECCION,SECUENCIA,ACTIVO) values (645,7,23,73,'S');
Insert into PVT_CAMPOS_SECCIONES (ID_CAMPO_SECCION,ID_CAMPO,ID_SECCION,SECUENCIA,ACTIVO) values (646,15,23,74,'S');
Insert into PVT_CAMPOS_SECCIONES (ID_CAMPO_SECCION,ID_CAMPO,ID_SECCION,SECUENCIA,ACTIVO) values (647,8,23,75,'S');
Insert into PVT_CAMPOS_SECCIONES (ID_CAMPO_SECCION,ID_CAMPO,ID_SECCION,SECUENCIA,ACTIVO) values (648,16,23,76,'S');
Insert into PVT_CAMPOS_SECCIONES (ID_CAMPO_SECCION,ID_CAMPO,ID_SECCION,SECUENCIA,ACTIVO) values (649,17,23,77,'S');
Insert into PVT_CAMPOS_SECCIONES (ID_CAMPO_SECCION,ID_CAMPO,ID_SECCION,SECUENCIA,ACTIVO) values (650,18,24,78,'S');
Insert into PVT_CAMPOS_SECCIONES (ID_CAMPO_SECCION,ID_CAMPO,ID_SECCION,SECUENCIA,ACTIVO) values (651,19,24,79,'S');
Insert into PVT_CAMPOS_SECCIONES (ID_CAMPO_SECCION,ID_CAMPO,ID_SECCION,SECUENCIA,ACTIVO) values (652,20,24,80,'S');
Insert into PVT_CAMPOS_SECCIONES (ID_CAMPO_SECCION,ID_CAMPO,ID_SECCION,SECUENCIA,ACTIVO) values (653,21,24,81,'S');
Insert into PVT_CAMPOS_SECCIONES (ID_CAMPO_SECCION,ID_CAMPO,ID_SECCION,SECUENCIA,ACTIVO) values (654,22,24,82,'S');
Insert into PVT_CAMPOS_SECCIONES (ID_CAMPO_SECCION,ID_CAMPO,ID_SECCION,SECUENCIA,ACTIVO) values (655,23,25,83,'S');
Insert into PVT_CAMPOS_SECCIONES (ID_CAMPO_SECCION,ID_CAMPO,ID_SECCION,SECUENCIA,ACTIVO) values (656,24,25,84,'S');
Insert into PVT_CAMPOS_SECCIONES (ID_CAMPO_SECCION,ID_CAMPO,ID_SECCION,SECUENCIA,ACTIVO) values (657,25,25,85,'S');
Insert into PVT_CAMPOS_SECCIONES (ID_CAMPO_SECCION,ID_CAMPO,ID_SECCION,SECUENCIA,ACTIVO) values (658,26,25,86,'S');
Insert into PVT_CAMPOS_SECCIONES (ID_CAMPO_SECCION,ID_CAMPO,ID_SECCION,SECUENCIA,ACTIVO) values (659,27,25,87,'S');
Insert into PVT_CAMPOS_SECCIONES (ID_CAMPO_SECCION,ID_CAMPO,ID_SECCION,SECUENCIA,ACTIVO) values (660,28,25,88,'S');
Insert into PVT_CAMPOS_SECCIONES (ID_CAMPO_SECCION,ID_CAMPO,ID_SECCION,SECUENCIA,ACTIVO) values (661,29,26,89,'S');
Insert into PVT_CAMPOS_SECCIONES (ID_CAMPO_SECCION,ID_CAMPO,ID_SECCION,SECUENCIA,ACTIVO) values (662,30,26,90,'S');
Insert into PVT_CAMPOS_SECCIONES (ID_CAMPO_SECCION,ID_CAMPO,ID_SECCION,SECUENCIA,ACTIVO) values (663,31,26,91,'S');
Insert into PVT_CAMPOS_SECCIONES (ID_CAMPO_SECCION,ID_CAMPO,ID_SECCION,SECUENCIA,ACTIVO) values (664,42,28,92,'S');
Insert into PVT_CAMPOS_SECCIONES (ID_CAMPO_SECCION,ID_CAMPO,ID_SECCION,SECUENCIA,ACTIVO) values (665,9,28,93,'S');
Insert into PVT_CAMPOS_SECCIONES (ID_CAMPO_SECCION,ID_CAMPO,ID_SECCION,SECUENCIA,ACTIVO) values (666,18,28,94,'S');
Insert into PVT_CAMPOS_SECCIONES (ID_CAMPO_SECCION,ID_CAMPO,ID_SECCION,SECUENCIA,ACTIVO) values (667,19,28,95,'S');
Insert into PVT_CAMPOS_SECCIONES (ID_CAMPO_SECCION,ID_CAMPO,ID_SECCION,SECUENCIA,ACTIVO) values (668,20,28,96,'S');
Insert into PVT_CAMPOS_SECCIONES (ID_CAMPO_SECCION,ID_CAMPO,ID_SECCION,SECUENCIA,ACTIVO) values (669,21,28,97,'S');
Insert into PVT_CAMPOS_SECCIONES (ID_CAMPO_SECCION,ID_CAMPO,ID_SECCION,SECUENCIA,ACTIVO) values (670,22,28,98,'S');
Insert into PVT_CAMPOS_SECCIONES (ID_CAMPO_SECCION,ID_CAMPO,ID_SECCION,SECUENCIA,ACTIVO) values (671,43,28,99,'S');
Insert into PVT_CAMPOS_SECCIONES (ID_CAMPO_SECCION,ID_CAMPO,ID_SECCION,SECUENCIA,ACTIVO) values (672,4,28,100,'S');
Insert into PVT_CAMPOS_SECCIONES (ID_CAMPO_SECCION,ID_CAMPO,ID_SECCION,SECUENCIA,ACTIVO) values (673,5,28,101,'S');
Insert into PVT_CAMPOS_SECCIONES (ID_CAMPO_SECCION,ID_CAMPO,ID_SECCION,SECUENCIA,ACTIVO) values (674,6,28,102,'S');
Insert into PVT_CAMPOS_SECCIONES (ID_CAMPO_SECCION,ID_CAMPO,ID_SECCION,SECUENCIA,ACTIVO) values (675,7,28,103,'S');
Insert into PVT_CAMPOS_SECCIONES (ID_CAMPO_SECCION,ID_CAMPO,ID_SECCION,SECUENCIA,ACTIVO) values (676,44,28,104,'S');
Insert into PVT_CAMPOS_SECCIONES (ID_CAMPO_SECCION,ID_CAMPO,ID_SECCION,SECUENCIA,ACTIVO) values (677,45,28,105,'S');
Insert into PVT_CAMPOS_SECCIONES (ID_CAMPO_SECCION,ID_CAMPO,ID_SECCION,SECUENCIA,ACTIVO) values (678,8,28,106,'S');
Insert into PVT_CAMPOS_SECCIONES (ID_CAMPO_SECCION,ID_CAMPO,ID_SECCION,SECUENCIA,ACTIVO) values (679,46,28,107,'S');
Insert into PVT_CAMPOS_SECCIONES (ID_CAMPO_SECCION,ID_CAMPO,ID_SECCION,SECUENCIA,ACTIVO) values (680,47,28,108,'S');
Insert into PVT_CAMPOS_SECCIONES (ID_CAMPO_SECCION,ID_CAMPO,ID_SECCION,SECUENCIA,ACTIVO) values (681,48,28,109,'S');
Insert into PVT_CAMPOS_SECCIONES (ID_CAMPO_SECCION,ID_CAMPO,ID_SECCION,SECUENCIA,ACTIVO) values (682,1,29,110,'S');
Insert into PVT_CAMPOS_SECCIONES (ID_CAMPO_SECCION,ID_CAMPO,ID_SECCION,SECUENCIA,ACTIVO) values (683,2,29,111,'S');
Insert into PVT_CAMPOS_SECCIONES (ID_CAMPO_SECCION,ID_CAMPO,ID_SECCION,SECUENCIA,ACTIVO) values (684,4,29,112,'S');
Insert into PVT_CAMPOS_SECCIONES (ID_CAMPO_SECCION,ID_CAMPO,ID_SECCION,SECUENCIA,ACTIVO) values (685,5,29,113,'S');
Insert into PVT_CAMPOS_SECCIONES (ID_CAMPO_SECCION,ID_CAMPO,ID_SECCION,SECUENCIA,ACTIVO) values (686,14,29,114,'S');
Insert into PVT_CAMPOS_SECCIONES (ID_CAMPO_SECCION,ID_CAMPO,ID_SECCION,SECUENCIA,ACTIVO) values (687,6,29,115,'S');
Insert into PVT_CAMPOS_SECCIONES (ID_CAMPO_SECCION,ID_CAMPO,ID_SECCION,SECUENCIA,ACTIVO) values (688,7,29,116,'S');
Insert into PVT_CAMPOS_SECCIONES (ID_CAMPO_SECCION,ID_CAMPO,ID_SECCION,SECUENCIA,ACTIVO) values (689,8,29,117,'S');
Insert into PVT_CAMPOS_SECCIONES (ID_CAMPO_SECCION,ID_CAMPO,ID_SECCION,SECUENCIA,ACTIVO) values (690,16,29,118,'S');
Insert into PVT_CAMPOS_SECCIONES (ID_CAMPO_SECCION,ID_CAMPO,ID_SECCION,SECUENCIA,ACTIVO) values (691,49,29,119,'S');
Insert into PVT_CAMPOS_SECCIONES (ID_CAMPO_SECCION,ID_CAMPO,ID_SECCION,SECUENCIA,ACTIVO) values (692,47,29,120,'S');
Insert into PVT_CAMPOS_SECCIONES (ID_CAMPO_SECCION,ID_CAMPO,ID_SECCION,SECUENCIA,ACTIVO) values (693,50,29,121,'S');
Insert into PVT_CAMPOS_SECCIONES (ID_CAMPO_SECCION,ID_CAMPO,ID_SECCION,SECUENCIA,ACTIVO) values (694,53,29,122,'S');
Insert into PVT_CAMPOS_SECCIONES (ID_CAMPO_SECCION,ID_CAMPO,ID_SECCION,SECUENCIA,ACTIVO) values (695,29,29,123,'S');
Insert into PVT_CAMPOS_SECCIONES (ID_CAMPO_SECCION,ID_CAMPO,ID_SECCION,SECUENCIA,ACTIVO) values (696,17,29,124,'S');
Insert into PVT_CAMPOS_SECCIONES (ID_CAMPO_SECCION,ID_CAMPO,ID_SECCION,SECUENCIA,ACTIVO) values (697,18,29,125,'S');
Insert into PVT_CAMPOS_SECCIONES (ID_CAMPO_SECCION,ID_CAMPO,ID_SECCION,SECUENCIA,ACTIVO) values (698,19,29,126,'S');
Insert into PVT_CAMPOS_SECCIONES (ID_CAMPO_SECCION,ID_CAMPO,ID_SECCION,SECUENCIA,ACTIVO) values (699,20,29,127,'S');
Insert into PVT_CAMPOS_SECCIONES (ID_CAMPO_SECCION,ID_CAMPO,ID_SECCION,SECUENCIA,ACTIVO) values (700,21,29,128,'S');
Insert into PVT_CAMPOS_SECCIONES (ID_CAMPO_SECCION,ID_CAMPO,ID_SECCION,SECUENCIA,ACTIVO) values (701,22,29,129,'S');
Insert into PVT_CAMPOS_SECCIONES (ID_CAMPO_SECCION,ID_CAMPO,ID_SECCION,SECUENCIA,ACTIVO) values (702,43,29,130,'S');
Insert into PVT_CAMPOS_SECCIONES (ID_CAMPO_SECCION,ID_CAMPO,ID_SECCION,SECUENCIA,ACTIVO) values (703,51,29,131,'S');
Insert into PVT_CAMPOS_SECCIONES (ID_CAMPO_SECCION,ID_CAMPO,ID_SECCION,SECUENCIA,ACTIVO) values (704,52,29,132,'S');

Insert into ROLES_PERMISOS_CAMPOS_SECCIONES (ID_ROL_PERMISO_CAMPO_SECCION,ID_ROL,PERMISO,ID_CAMPO_SECCION,ACTIVO) values (251,2,'E',459,'S');
Insert into ROLES_PERMISOS_CAMPOS_SECCIONES (ID_ROL_PERMISO_CAMPO_SECCION,ID_ROL,PERMISO,ID_CAMPO_SECCION,ACTIVO) values (252,2,'E',460,'S');
Insert into ROLES_PERMISOS_CAMPOS_SECCIONES (ID_ROL_PERMISO_CAMPO_SECCION,ID_ROL,PERMISO,ID_CAMPO_SECCION,ACTIVO) values (253,2,'E',461,'S');
Insert into ROLES_PERMISOS_CAMPOS_SECCIONES (ID_ROL_PERMISO_CAMPO_SECCION,ID_ROL,PERMISO,ID_CAMPO_SECCION,ACTIVO) values (254,2,'E',462,'S');
Insert into ROLES_PERMISOS_CAMPOS_SECCIONES (ID_ROL_PERMISO_CAMPO_SECCION,ID_ROL,PERMISO,ID_CAMPO_SECCION,ACTIVO) values (255,2,'E',463,'S');
Insert into ROLES_PERMISOS_CAMPOS_SECCIONES (ID_ROL_PERMISO_CAMPO_SECCION,ID_ROL,PERMISO,ID_CAMPO_SECCION,ACTIVO) values (256,2,'E',464,'S');
Insert into ROLES_PERMISOS_CAMPOS_SECCIONES (ID_ROL_PERMISO_CAMPO_SECCION,ID_ROL,PERMISO,ID_CAMPO_SECCION,ACTIVO) values (257,2,'E',465,'S');
Insert into ROLES_PERMISOS_CAMPOS_SECCIONES (ID_ROL_PERMISO_CAMPO_SECCION,ID_ROL,PERMISO,ID_CAMPO_SECCION,ACTIVO) values (258,2,'E',466,'S');
Insert into ROLES_PERMISOS_CAMPOS_SECCIONES (ID_ROL_PERMISO_CAMPO_SECCION,ID_ROL,PERMISO,ID_CAMPO_SECCION,ACTIVO) values (259,2,'E',467,'S');
Insert into ROLES_PERMISOS_CAMPOS_SECCIONES (ID_ROL_PERMISO_CAMPO_SECCION,ID_ROL,PERMISO,ID_CAMPO_SECCION,ACTIVO) values (260,2,'E',468,'S');
Insert into ROLES_PERMISOS_CAMPOS_SECCIONES (ID_ROL_PERMISO_CAMPO_SECCION,ID_ROL,PERMISO,ID_CAMPO_SECCION,ACTIVO) values (261,2,'E',469,'S');
Insert into ROLES_PERMISOS_CAMPOS_SECCIONES (ID_ROL_PERMISO_CAMPO_SECCION,ID_ROL,PERMISO,ID_CAMPO_SECCION,ACTIVO) values (262,2,'E',470,'S');
Insert into ROLES_PERMISOS_CAMPOS_SECCIONES (ID_ROL_PERMISO_CAMPO_SECCION,ID_ROL,PERMISO,ID_CAMPO_SECCION,ACTIVO) values (263,2,'E',471,'S');
Insert into ROLES_PERMISOS_CAMPOS_SECCIONES (ID_ROL_PERMISO_CAMPO_SECCION,ID_ROL,PERMISO,ID_CAMPO_SECCION,ACTIVO) values (264,2,'E',472,'S');
Insert into ROLES_PERMISOS_CAMPOS_SECCIONES (ID_ROL_PERMISO_CAMPO_SECCION,ID_ROL,PERMISO,ID_CAMPO_SECCION,ACTIVO) values (265,2,'E',473,'S');
Insert into ROLES_PERMISOS_CAMPOS_SECCIONES (ID_ROL_PERMISO_CAMPO_SECCION,ID_ROL,PERMISO,ID_CAMPO_SECCION,ACTIVO) values (266,2,'E',474,'S');
Insert into ROLES_PERMISOS_CAMPOS_SECCIONES (ID_ROL_PERMISO_CAMPO_SECCION,ID_ROL,PERMISO,ID_CAMPO_SECCION,ACTIVO) values (267,2,'E',475,'S');
Insert into ROLES_PERMISOS_CAMPOS_SECCIONES (ID_ROL_PERMISO_CAMPO_SECCION,ID_ROL,PERMISO,ID_CAMPO_SECCION,ACTIVO) values (268,2,'E',476,'S');
Insert into ROLES_PERMISOS_CAMPOS_SECCIONES (ID_ROL_PERMISO_CAMPO_SECCION,ID_ROL,PERMISO,ID_CAMPO_SECCION,ACTIVO) values (269,2,'E',477,'S');
Insert into ROLES_PERMISOS_CAMPOS_SECCIONES (ID_ROL_PERMISO_CAMPO_SECCION,ID_ROL,PERMISO,ID_CAMPO_SECCION,ACTIVO) values (270,2,'E',478,'S');
Insert into ROLES_PERMISOS_CAMPOS_SECCIONES (ID_ROL_PERMISO_CAMPO_SECCION,ID_ROL,PERMISO,ID_CAMPO_SECCION,ACTIVO) values (271,2,'E',479,'S');
Insert into ROLES_PERMISOS_CAMPOS_SECCIONES (ID_ROL_PERMISO_CAMPO_SECCION,ID_ROL,PERMISO,ID_CAMPO_SECCION,ACTIVO) values (272,2,'E',480,'S');
Insert into ROLES_PERMISOS_CAMPOS_SECCIONES (ID_ROL_PERMISO_CAMPO_SECCION,ID_ROL,PERMISO,ID_CAMPO_SECCION,ACTIVO) values (273,2,'E',481,'S');
Insert into ROLES_PERMISOS_CAMPOS_SECCIONES (ID_ROL_PERMISO_CAMPO_SECCION,ID_ROL,PERMISO,ID_CAMPO_SECCION,ACTIVO) values (274,2,'E',482,'S');
Insert into ROLES_PERMISOS_CAMPOS_SECCIONES (ID_ROL_PERMISO_CAMPO_SECCION,ID_ROL,PERMISO,ID_CAMPO_SECCION,ACTIVO) values (275,2,'E',483,'S');
Insert into ROLES_PERMISOS_CAMPOS_SECCIONES (ID_ROL_PERMISO_CAMPO_SECCION,ID_ROL,PERMISO,ID_CAMPO_SECCION,ACTIVO) values (276,2,'E',484,'S');
Insert into ROLES_PERMISOS_CAMPOS_SECCIONES (ID_ROL_PERMISO_CAMPO_SECCION,ID_ROL,PERMISO,ID_CAMPO_SECCION,ACTIVO) values (277,2,'E',485,'S');
Insert into ROLES_PERMISOS_CAMPOS_SECCIONES (ID_ROL_PERMISO_CAMPO_SECCION,ID_ROL,PERMISO,ID_CAMPO_SECCION,ACTIVO) values (278,2,'E',486,'S');
Insert into ROLES_PERMISOS_CAMPOS_SECCIONES (ID_ROL_PERMISO_CAMPO_SECCION,ID_ROL,PERMISO,ID_CAMPO_SECCION,ACTIVO) values (279,2,'E',487,'S');
Insert into ROLES_PERMISOS_CAMPOS_SECCIONES (ID_ROL_PERMISO_CAMPO_SECCION,ID_ROL,PERMISO,ID_CAMPO_SECCION,ACTIVO) values (280,2,'E',488,'S');
Insert into ROLES_PERMISOS_CAMPOS_SECCIONES (ID_ROL_PERMISO_CAMPO_SECCION,ID_ROL,PERMISO,ID_CAMPO_SECCION,ACTIVO) values (281,2,'E',489,'S');
Insert into ROLES_PERMISOS_CAMPOS_SECCIONES (ID_ROL_PERMISO_CAMPO_SECCION,ID_ROL,PERMISO,ID_CAMPO_SECCION,ACTIVO) values (282,2,'E',490,'S');
Insert into ROLES_PERMISOS_CAMPOS_SECCIONES (ID_ROL_PERMISO_CAMPO_SECCION,ID_ROL,PERMISO,ID_CAMPO_SECCION,ACTIVO) values (283,2,'E',491,'S');
Insert into ROLES_PERMISOS_CAMPOS_SECCIONES (ID_ROL_PERMISO_CAMPO_SECCION,ID_ROL,PERMISO,ID_CAMPO_SECCION,ACTIVO) values (284,2,'E',492,'S');
Insert into ROLES_PERMISOS_CAMPOS_SECCIONES (ID_ROL_PERMISO_CAMPO_SECCION,ID_ROL,PERMISO,ID_CAMPO_SECCION,ACTIVO) values (285,2,'E',493,'S');
Insert into ROLES_PERMISOS_CAMPOS_SECCIONES (ID_ROL_PERMISO_CAMPO_SECCION,ID_ROL,PERMISO,ID_CAMPO_SECCION,ACTIVO) values (286,2,'E',494,'S');
Insert into ROLES_PERMISOS_CAMPOS_SECCIONES (ID_ROL_PERMISO_CAMPO_SECCION,ID_ROL,PERMISO,ID_CAMPO_SECCION,ACTIVO) values (287,2,'E',495,'S');
Insert into ROLES_PERMISOS_CAMPOS_SECCIONES (ID_ROL_PERMISO_CAMPO_SECCION,ID_ROL,PERMISO,ID_CAMPO_SECCION,ACTIVO) values (288,2,'E',496,'S');
Insert into ROLES_PERMISOS_CAMPOS_SECCIONES (ID_ROL_PERMISO_CAMPO_SECCION,ID_ROL,PERMISO,ID_CAMPO_SECCION,ACTIVO) values (289,2,'E',497,'S');
Insert into ROLES_PERMISOS_CAMPOS_SECCIONES (ID_ROL_PERMISO_CAMPO_SECCION,ID_ROL,PERMISO,ID_CAMPO_SECCION,ACTIVO) values (290,2,'E',498,'S');
Insert into ROLES_PERMISOS_CAMPOS_SECCIONES (ID_ROL_PERMISO_CAMPO_SECCION,ID_ROL,PERMISO,ID_CAMPO_SECCION,ACTIVO) values (291,2,'E',499,'S');
Insert into ROLES_PERMISOS_CAMPOS_SECCIONES (ID_ROL_PERMISO_CAMPO_SECCION,ID_ROL,PERMISO,ID_CAMPO_SECCION,ACTIVO) values (292,2,'E',500,'S');
Insert into ROLES_PERMISOS_CAMPOS_SECCIONES (ID_ROL_PERMISO_CAMPO_SECCION,ID_ROL,PERMISO,ID_CAMPO_SECCION,ACTIVO) values (293,2,'E',501,'S');
Insert into ROLES_PERMISOS_CAMPOS_SECCIONES (ID_ROL_PERMISO_CAMPO_SECCION,ID_ROL,PERMISO,ID_CAMPO_SECCION,ACTIVO) values (294,2,'E',502,'S');
Insert into ROLES_PERMISOS_CAMPOS_SECCIONES (ID_ROL_PERMISO_CAMPO_SECCION,ID_ROL,PERMISO,ID_CAMPO_SECCION,ACTIVO) values (295,2,'E',503,'S');
Insert into ROLES_PERMISOS_CAMPOS_SECCIONES (ID_ROL_PERMISO_CAMPO_SECCION,ID_ROL,PERMISO,ID_CAMPO_SECCION,ACTIVO) values (296,2,'E',504,'S');
Insert into ROLES_PERMISOS_CAMPOS_SECCIONES (ID_ROL_PERMISO_CAMPO_SECCION,ID_ROL,PERMISO,ID_CAMPO_SECCION,ACTIVO) values (297,2,'E',505,'S');
Insert into ROLES_PERMISOS_CAMPOS_SECCIONES (ID_ROL_PERMISO_CAMPO_SECCION,ID_ROL,PERMISO,ID_CAMPO_SECCION,ACTIVO) values (298,2,'E',506,'S');
Insert into ROLES_PERMISOS_CAMPOS_SECCIONES (ID_ROL_PERMISO_CAMPO_SECCION,ID_ROL,PERMISO,ID_CAMPO_SECCION,ACTIVO) values (299,2,'E',507,'S');
Insert into ROLES_PERMISOS_CAMPOS_SECCIONES (ID_ROL_PERMISO_CAMPO_SECCION,ID_ROL,PERMISO,ID_CAMPO_SECCION,ACTIVO) values (300,2,'E',508,'S');
Insert into ROLES_PERMISOS_CAMPOS_SECCIONES (ID_ROL_PERMISO_CAMPO_SECCION,ID_ROL,PERMISO,ID_CAMPO_SECCION,ACTIVO) values (301,2,'E',509,'S');
Insert into ROLES_PERMISOS_CAMPOS_SECCIONES (ID_ROL_PERMISO_CAMPO_SECCION,ID_ROL,PERMISO,ID_CAMPO_SECCION,ACTIVO) values (302,2,'E',510,'S');
Insert into ROLES_PERMISOS_CAMPOS_SECCIONES (ID_ROL_PERMISO_CAMPO_SECCION,ID_ROL,PERMISO,ID_CAMPO_SECCION,ACTIVO) values (303,2,'E',511,'S');
Insert into ROLES_PERMISOS_CAMPOS_SECCIONES (ID_ROL_PERMISO_CAMPO_SECCION,ID_ROL,PERMISO,ID_CAMPO_SECCION,ACTIVO) values (304,2,'E',512,'S');
Insert into ROLES_PERMISOS_CAMPOS_SECCIONES (ID_ROL_PERMISO_CAMPO_SECCION,ID_ROL,PERMISO,ID_CAMPO_SECCION,ACTIVO) values (305,2,'E',513,'S');
Insert into ROLES_PERMISOS_CAMPOS_SECCIONES (ID_ROL_PERMISO_CAMPO_SECCION,ID_ROL,PERMISO,ID_CAMPO_SECCION,ACTIVO) values (306,2,'E',514,'S');
Insert into ROLES_PERMISOS_CAMPOS_SECCIONES (ID_ROL_PERMISO_CAMPO_SECCION,ID_ROL,PERMISO,ID_CAMPO_SECCION,ACTIVO) values (307,2,'E',515,'S');
Insert into ROLES_PERMISOS_CAMPOS_SECCIONES (ID_ROL_PERMISO_CAMPO_SECCION,ID_ROL,PERMISO,ID_CAMPO_SECCION,ACTIVO) values (308,2,'E',516,'S');
Insert into ROLES_PERMISOS_CAMPOS_SECCIONES (ID_ROL_PERMISO_CAMPO_SECCION,ID_ROL,PERMISO,ID_CAMPO_SECCION,ACTIVO) values (309,2,'E',517,'S');
Insert into ROLES_PERMISOS_CAMPOS_SECCIONES (ID_ROL_PERMISO_CAMPO_SECCION,ID_ROL,PERMISO,ID_CAMPO_SECCION,ACTIVO) values (310,2,'E',518,'S');
Insert into ROLES_PERMISOS_CAMPOS_SECCIONES (ID_ROL_PERMISO_CAMPO_SECCION,ID_ROL,PERMISO,ID_CAMPO_SECCION,ACTIVO) values (311,2,'E',519,'S');
Insert into ROLES_PERMISOS_CAMPOS_SECCIONES (ID_ROL_PERMISO_CAMPO_SECCION,ID_ROL,PERMISO,ID_CAMPO_SECCION,ACTIVO) values (312,2,'E',520,'S');
Insert into ROLES_PERMISOS_CAMPOS_SECCIONES (ID_ROL_PERMISO_CAMPO_SECCION,ID_ROL,PERMISO,ID_CAMPO_SECCION,ACTIVO) values (313,2,'E',521,'S');
Insert into ROLES_PERMISOS_CAMPOS_SECCIONES (ID_ROL_PERMISO_CAMPO_SECCION,ID_ROL,PERMISO,ID_CAMPO_SECCION,ACTIVO) values (314,2,'E',522,'S');
Insert into ROLES_PERMISOS_CAMPOS_SECCIONES (ID_ROL_PERMISO_CAMPO_SECCION,ID_ROL,PERMISO,ID_CAMPO_SECCION,ACTIVO) values (315,2,'E',523,'S');
Insert into ROLES_PERMISOS_CAMPOS_SECCIONES (ID_ROL_PERMISO_CAMPO_SECCION,ID_ROL,PERMISO,ID_CAMPO_SECCION,ACTIVO) values (316,2,'E',524,'S');
Insert into ROLES_PERMISOS_CAMPOS_SECCIONES (ID_ROL_PERMISO_CAMPO_SECCION,ID_ROL,PERMISO,ID_CAMPO_SECCION,ACTIVO) values (317,2,'E',525,'S');
Insert into ROLES_PERMISOS_CAMPOS_SECCIONES (ID_ROL_PERMISO_CAMPO_SECCION,ID_ROL,PERMISO,ID_CAMPO_SECCION,ACTIVO) values (318,2,'E',526,'S');
Insert into ROLES_PERMISOS_CAMPOS_SECCIONES (ID_ROL_PERMISO_CAMPO_SECCION,ID_ROL,PERMISO,ID_CAMPO_SECCION,ACTIVO) values (319,2,'E',527,'S');
Insert into ROLES_PERMISOS_CAMPOS_SECCIONES (ID_ROL_PERMISO_CAMPO_SECCION,ID_ROL,PERMISO,ID_CAMPO_SECCION,ACTIVO) values (320,2,'E',528,'S');
Insert into ROLES_PERMISOS_CAMPOS_SECCIONES (ID_ROL_PERMISO_CAMPO_SECCION,ID_ROL,PERMISO,ID_CAMPO_SECCION,ACTIVO) values (321,2,'E',529,'S');
Insert into ROLES_PERMISOS_CAMPOS_SECCIONES (ID_ROL_PERMISO_CAMPO_SECCION,ID_ROL,PERMISO,ID_CAMPO_SECCION,ACTIVO) values (322,2,'E',530,'S');
Insert into ROLES_PERMISOS_CAMPOS_SECCIONES (ID_ROL_PERMISO_CAMPO_SECCION,ID_ROL,PERMISO,ID_CAMPO_SECCION,ACTIVO) values (323,2,'E',531,'S');
Insert into ROLES_PERMISOS_CAMPOS_SECCIONES (ID_ROL_PERMISO_CAMPO_SECCION,ID_ROL,PERMISO,ID_CAMPO_SECCION,ACTIVO) values (324,2,'E',532,'S');
Insert into ROLES_PERMISOS_CAMPOS_SECCIONES (ID_ROL_PERMISO_CAMPO_SECCION,ID_ROL,PERMISO,ID_CAMPO_SECCION,ACTIVO) values (325,2,'E',533,'S');
Insert into ROLES_PERMISOS_CAMPOS_SECCIONES (ID_ROL_PERMISO_CAMPO_SECCION,ID_ROL,PERMISO,ID_CAMPO_SECCION,ACTIVO) values (326,2,'E',534,'S');
Insert into ROLES_PERMISOS_CAMPOS_SECCIONES (ID_ROL_PERMISO_CAMPO_SECCION,ID_ROL,PERMISO,ID_CAMPO_SECCION,ACTIVO) values (327,2,'E',535,'S');
Insert into ROLES_PERMISOS_CAMPOS_SECCIONES (ID_ROL_PERMISO_CAMPO_SECCION,ID_ROL,PERMISO,ID_CAMPO_SECCION,ACTIVO) values (328,2,'E',536,'S');
Insert into ROLES_PERMISOS_CAMPOS_SECCIONES (ID_ROL_PERMISO_CAMPO_SECCION,ID_ROL,PERMISO,ID_CAMPO_SECCION,ACTIVO) values (329,2,'E',537,'S');
Insert into ROLES_PERMISOS_CAMPOS_SECCIONES (ID_ROL_PERMISO_CAMPO_SECCION,ID_ROL,PERMISO,ID_CAMPO_SECCION,ACTIVO) values (330,2,'E',538,'S');
Insert into ROLES_PERMISOS_CAMPOS_SECCIONES (ID_ROL_PERMISO_CAMPO_SECCION,ID_ROL,PERMISO,ID_CAMPO_SECCION,ACTIVO) values (331,2,'E',539,'S');
Insert into ROLES_PERMISOS_CAMPOS_SECCIONES (ID_ROL_PERMISO_CAMPO_SECCION,ID_ROL,PERMISO,ID_CAMPO_SECCION,ACTIVO) values (332,2,'E',540,'S');
Insert into ROLES_PERMISOS_CAMPOS_SECCIONES (ID_ROL_PERMISO_CAMPO_SECCION,ID_ROL,PERMISO,ID_CAMPO_SECCION,ACTIVO) values (333,2,'E',541,'S');
Insert into ROLES_PERMISOS_CAMPOS_SECCIONES (ID_ROL_PERMISO_CAMPO_SECCION,ID_ROL,PERMISO,ID_CAMPO_SECCION,ACTIVO) values (334,2,'E',542,'S');
Insert into ROLES_PERMISOS_CAMPOS_SECCIONES (ID_ROL_PERMISO_CAMPO_SECCION,ID_ROL,PERMISO,ID_CAMPO_SECCION,ACTIVO) values (335,2,'E',543,'S');
Insert into ROLES_PERMISOS_CAMPOS_SECCIONES (ID_ROL_PERMISO_CAMPO_SECCION,ID_ROL,PERMISO,ID_CAMPO_SECCION,ACTIVO) values (336,2,'E',544,'S');
Insert into ROLES_PERMISOS_CAMPOS_SECCIONES (ID_ROL_PERMISO_CAMPO_SECCION,ID_ROL,PERMISO,ID_CAMPO_SECCION,ACTIVO) values (337,2,'E',545,'S');
Insert into ROLES_PERMISOS_CAMPOS_SECCIONES (ID_ROL_PERMISO_CAMPO_SECCION,ID_ROL,PERMISO,ID_CAMPO_SECCION,ACTIVO) values (338,2,'E',546,'S');
Insert into ROLES_PERMISOS_CAMPOS_SECCIONES (ID_ROL_PERMISO_CAMPO_SECCION,ID_ROL,PERMISO,ID_CAMPO_SECCION,ACTIVO) values (339,2,'E',547,'S');
Insert into ROLES_PERMISOS_CAMPOS_SECCIONES (ID_ROL_PERMISO_CAMPO_SECCION,ID_ROL,PERMISO,ID_CAMPO_SECCION,ACTIVO) values (340,2,'E',548,'S');
Insert into ROLES_PERMISOS_CAMPOS_SECCIONES (ID_ROL_PERMISO_CAMPO_SECCION,ID_ROL,PERMISO,ID_CAMPO_SECCION,ACTIVO) values (341,2,'E',549,'S');
Insert into ROLES_PERMISOS_CAMPOS_SECCIONES (ID_ROL_PERMISO_CAMPO_SECCION,ID_ROL,PERMISO,ID_CAMPO_SECCION,ACTIVO) values (342,2,'E',550,'S');
Insert into ROLES_PERMISOS_CAMPOS_SECCIONES (ID_ROL_PERMISO_CAMPO_SECCION,ID_ROL,PERMISO,ID_CAMPO_SECCION,ACTIVO) values (343,2,'E',551,'S');
Insert into ROLES_PERMISOS_CAMPOS_SECCIONES (ID_ROL_PERMISO_CAMPO_SECCION,ID_ROL,PERMISO,ID_CAMPO_SECCION,ACTIVO) values (344,2,'E',552,'S');
Insert into ROLES_PERMISOS_CAMPOS_SECCIONES (ID_ROL_PERMISO_CAMPO_SECCION,ID_ROL,PERMISO,ID_CAMPO_SECCION,ACTIVO) values (345,2,'E',553,'S');
Insert into ROLES_PERMISOS_CAMPOS_SECCIONES (ID_ROL_PERMISO_CAMPO_SECCION,ID_ROL,PERMISO,ID_CAMPO_SECCION,ACTIVO) values (346,2,'E',554,'S');
Insert into ROLES_PERMISOS_CAMPOS_SECCIONES (ID_ROL_PERMISO_CAMPO_SECCION,ID_ROL,PERMISO,ID_CAMPO_SECCION,ACTIVO) values (347,2,'E',555,'S');
Insert into ROLES_PERMISOS_CAMPOS_SECCIONES (ID_ROL_PERMISO_CAMPO_SECCION,ID_ROL,PERMISO,ID_CAMPO_SECCION,ACTIVO) values (348,2,'E',556,'S');
Insert into ROLES_PERMISOS_CAMPOS_SECCIONES (ID_ROL_PERMISO_CAMPO_SECCION,ID_ROL,PERMISO,ID_CAMPO_SECCION,ACTIVO) values (349,2,'E',557,'S');
Insert into ROLES_PERMISOS_CAMPOS_SECCIONES (ID_ROL_PERMISO_CAMPO_SECCION,ID_ROL,PERMISO,ID_CAMPO_SECCION,ACTIVO) values (350,2,'E',558,'S');
Insert into ROLES_PERMISOS_CAMPOS_SECCIONES (ID_ROL_PERMISO_CAMPO_SECCION,ID_ROL,PERMISO,ID_CAMPO_SECCION,ACTIVO) values (351,2,'E',559,'S');
Insert into ROLES_PERMISOS_CAMPOS_SECCIONES (ID_ROL_PERMISO_CAMPO_SECCION,ID_ROL,PERMISO,ID_CAMPO_SECCION,ACTIVO) values (352,2,'E',560,'S');
Insert into ROLES_PERMISOS_CAMPOS_SECCIONES (ID_ROL_PERMISO_CAMPO_SECCION,ID_ROL,PERMISO,ID_CAMPO_SECCION,ACTIVO) values (353,2,'E',561,'S');
Insert into ROLES_PERMISOS_CAMPOS_SECCIONES (ID_ROL_PERMISO_CAMPO_SECCION,ID_ROL,PERMISO,ID_CAMPO_SECCION,ACTIVO) values (354,2,'E',562,'S');
Insert into ROLES_PERMISOS_CAMPOS_SECCIONES (ID_ROL_PERMISO_CAMPO_SECCION,ID_ROL,PERMISO,ID_CAMPO_SECCION,ACTIVO) values (355,2,'E',563,'S');
Insert into ROLES_PERMISOS_CAMPOS_SECCIONES (ID_ROL_PERMISO_CAMPO_SECCION,ID_ROL,PERMISO,ID_CAMPO_SECCION,ACTIVO) values (356,2,'E',564,'S');
Insert into ROLES_PERMISOS_CAMPOS_SECCIONES (ID_ROL_PERMISO_CAMPO_SECCION,ID_ROL,PERMISO,ID_CAMPO_SECCION,ACTIVO) values (357,2,'E',565,'S');
Insert into ROLES_PERMISOS_CAMPOS_SECCIONES (ID_ROL_PERMISO_CAMPO_SECCION,ID_ROL,PERMISO,ID_CAMPO_SECCION,ACTIVO) values (358,2,'E',566,'S');
Insert into ROLES_PERMISOS_CAMPOS_SECCIONES (ID_ROL_PERMISO_CAMPO_SECCION,ID_ROL,PERMISO,ID_CAMPO_SECCION,ACTIVO) values (359,2,'E',567,'S');
Insert into ROLES_PERMISOS_CAMPOS_SECCIONES (ID_ROL_PERMISO_CAMPO_SECCION,ID_ROL,PERMISO,ID_CAMPO_SECCION,ACTIVO) values (360,2,'E',568,'S');
Insert into ROLES_PERMISOS_CAMPOS_SECCIONES (ID_ROL_PERMISO_CAMPO_SECCION,ID_ROL,PERMISO,ID_CAMPO_SECCION,ACTIVO) values (361,2,'E',569,'S');
Insert into ROLES_PERMISOS_CAMPOS_SECCIONES (ID_ROL_PERMISO_CAMPO_SECCION,ID_ROL,PERMISO,ID_CAMPO_SECCION,ACTIVO) values (362,2,'E',570,'S');
Insert into ROLES_PERMISOS_CAMPOS_SECCIONES (ID_ROL_PERMISO_CAMPO_SECCION,ID_ROL,PERMISO,ID_CAMPO_SECCION,ACTIVO) values (363,2,'E',571,'S');
Insert into ROLES_PERMISOS_CAMPOS_SECCIONES (ID_ROL_PERMISO_CAMPO_SECCION,ID_ROL,PERMISO,ID_CAMPO_SECCION,ACTIVO) values (364,2,'E',572,'S');
Insert into ROLES_PERMISOS_CAMPOS_SECCIONES (ID_ROL_PERMISO_CAMPO_SECCION,ID_ROL,PERMISO,ID_CAMPO_SECCION,ACTIVO) values (365,2,'E',573,'S');
Insert into ROLES_PERMISOS_CAMPOS_SECCIONES (ID_ROL_PERMISO_CAMPO_SECCION,ID_ROL,PERMISO,ID_CAMPO_SECCION,ACTIVO) values (366,2,'E',574,'S');
Insert into ROLES_PERMISOS_CAMPOS_SECCIONES (ID_ROL_PERMISO_CAMPO_SECCION,ID_ROL,PERMISO,ID_CAMPO_SECCION,ACTIVO) values (367,2,'E',575,'S');
Insert into ROLES_PERMISOS_CAMPOS_SECCIONES (ID_ROL_PERMISO_CAMPO_SECCION,ID_ROL,PERMISO,ID_CAMPO_SECCION,ACTIVO) values (368,2,'E',576,'S');
Insert into ROLES_PERMISOS_CAMPOS_SECCIONES (ID_ROL_PERMISO_CAMPO_SECCION,ID_ROL,PERMISO,ID_CAMPO_SECCION,ACTIVO) values (369,2,'E',577,'S');
Insert into ROLES_PERMISOS_CAMPOS_SECCIONES (ID_ROL_PERMISO_CAMPO_SECCION,ID_ROL,PERMISO,ID_CAMPO_SECCION,ACTIVO) values (370,2,'E',578,'S');
Insert into ROLES_PERMISOS_CAMPOS_SECCIONES (ID_ROL_PERMISO_CAMPO_SECCION,ID_ROL,PERMISO,ID_CAMPO_SECCION,ACTIVO) values (371,2,'E',579,'S');
Insert into ROLES_PERMISOS_CAMPOS_SECCIONES (ID_ROL_PERMISO_CAMPO_SECCION,ID_ROL,PERMISO,ID_CAMPO_SECCION,ACTIVO) values (372,2,'E',580,'S');
Insert into ROLES_PERMISOS_CAMPOS_SECCIONES (ID_ROL_PERMISO_CAMPO_SECCION,ID_ROL,PERMISO,ID_CAMPO_SECCION,ACTIVO) values (373,2,'E',581,'S');
Insert into ROLES_PERMISOS_CAMPOS_SECCIONES (ID_ROL_PERMISO_CAMPO_SECCION,ID_ROL,PERMISO,ID_CAMPO_SECCION,ACTIVO) values (374,2,'E',582,'S');
Insert into ROLES_PERMISOS_CAMPOS_SECCIONES (ID_ROL_PERMISO_CAMPO_SECCION,ID_ROL,PERMISO,ID_CAMPO_SECCION,ACTIVO) values (375,2,'E',583,'S');
Insert into ROLES_PERMISOS_CAMPOS_SECCIONES (ID_ROL_PERMISO_CAMPO_SECCION,ID_ROL,PERMISO,ID_CAMPO_SECCION,ACTIVO) values (376,2,'E',584,'S');
Insert into ROLES_PERMISOS_CAMPOS_SECCIONES (ID_ROL_PERMISO_CAMPO_SECCION,ID_ROL,PERMISO,ID_CAMPO_SECCION,ACTIVO) values (377,2,'E',585,'S');
Insert into ROLES_PERMISOS_CAMPOS_SECCIONES (ID_ROL_PERMISO_CAMPO_SECCION,ID_ROL,PERMISO,ID_CAMPO_SECCION,ACTIVO) values (378,2,'E',586,'S');
Insert into ROLES_PERMISOS_CAMPOS_SECCIONES (ID_ROL_PERMISO_CAMPO_SECCION,ID_ROL,PERMISO,ID_CAMPO_SECCION,ACTIVO) values (379,2,'E',587,'S');
Insert into ROLES_PERMISOS_CAMPOS_SECCIONES (ID_ROL_PERMISO_CAMPO_SECCION,ID_ROL,PERMISO,ID_CAMPO_SECCION,ACTIVO) values (380,2,'E',588,'S');
Insert into ROLES_PERMISOS_CAMPOS_SECCIONES (ID_ROL_PERMISO_CAMPO_SECCION,ID_ROL,PERMISO,ID_CAMPO_SECCION,ACTIVO) values (381,2,'E',589,'S');
Insert into ROLES_PERMISOS_CAMPOS_SECCIONES (ID_ROL_PERMISO_CAMPO_SECCION,ID_ROL,PERMISO,ID_CAMPO_SECCION,ACTIVO) values (382,2,'E',590,'S');
Insert into ROLES_PERMISOS_CAMPOS_SECCIONES (ID_ROL_PERMISO_CAMPO_SECCION,ID_ROL,PERMISO,ID_CAMPO_SECCION,ACTIVO) values (383,2,'E',591,'S');
Insert into ROLES_PERMISOS_CAMPOS_SECCIONES (ID_ROL_PERMISO_CAMPO_SECCION,ID_ROL,PERMISO,ID_CAMPO_SECCION,ACTIVO) values (384,2,'E',592,'S');
Insert into ROLES_PERMISOS_CAMPOS_SECCIONES (ID_ROL_PERMISO_CAMPO_SECCION,ID_ROL,PERMISO,ID_CAMPO_SECCION,ACTIVO) values (385,2,'E',593,'S');
Insert into ROLES_PERMISOS_CAMPOS_SECCIONES (ID_ROL_PERMISO_CAMPO_SECCION,ID_ROL,PERMISO,ID_CAMPO_SECCION,ACTIVO) values (386,2,'E',594,'S');
Insert into ROLES_PERMISOS_CAMPOS_SECCIONES (ID_ROL_PERMISO_CAMPO_SECCION,ID_ROL,PERMISO,ID_CAMPO_SECCION,ACTIVO) values (387,2,'E',595,'S');
Insert into ROLES_PERMISOS_CAMPOS_SECCIONES (ID_ROL_PERMISO_CAMPO_SECCION,ID_ROL,PERMISO,ID_CAMPO_SECCION,ACTIVO) values (388,2,'E',596,'S');
Insert into ROLES_PERMISOS_CAMPOS_SECCIONES (ID_ROL_PERMISO_CAMPO_SECCION,ID_ROL,PERMISO,ID_CAMPO_SECCION,ACTIVO) values (389,2,'E',597,'S');
Insert into ROLES_PERMISOS_CAMPOS_SECCIONES (ID_ROL_PERMISO_CAMPO_SECCION,ID_ROL,PERMISO,ID_CAMPO_SECCION,ACTIVO) values (390,2,'E',598,'S');
Insert into ROLES_PERMISOS_CAMPOS_SECCIONES (ID_ROL_PERMISO_CAMPO_SECCION,ID_ROL,PERMISO,ID_CAMPO_SECCION,ACTIVO) values (391,2,'E',599,'S');
Insert into ROLES_PERMISOS_CAMPOS_SECCIONES (ID_ROL_PERMISO_CAMPO_SECCION,ID_ROL,PERMISO,ID_CAMPO_SECCION,ACTIVO) values (392,2,'E',600,'S');
Insert into ROLES_PERMISOS_CAMPOS_SECCIONES (ID_ROL_PERMISO_CAMPO_SECCION,ID_ROL,PERMISO,ID_CAMPO_SECCION,ACTIVO) values (393,2,'E',601,'S');
Insert into ROLES_PERMISOS_CAMPOS_SECCIONES (ID_ROL_PERMISO_CAMPO_SECCION,ID_ROL,PERMISO,ID_CAMPO_SECCION,ACTIVO) values (394,2,'E',602,'S');
Insert into ROLES_PERMISOS_CAMPOS_SECCIONES (ID_ROL_PERMISO_CAMPO_SECCION,ID_ROL,PERMISO,ID_CAMPO_SECCION,ACTIVO) values (395,2,'E',603,'S');
Insert into ROLES_PERMISOS_CAMPOS_SECCIONES (ID_ROL_PERMISO_CAMPO_SECCION,ID_ROL,PERMISO,ID_CAMPO_SECCION,ACTIVO) values (396,2,'E',604,'S');
Insert into ROLES_PERMISOS_CAMPOS_SECCIONES (ID_ROL_PERMISO_CAMPO_SECCION,ID_ROL,PERMISO,ID_CAMPO_SECCION,ACTIVO) values (397,2,'E',605,'S');
Insert into ROLES_PERMISOS_CAMPOS_SECCIONES (ID_ROL_PERMISO_CAMPO_SECCION,ID_ROL,PERMISO,ID_CAMPO_SECCION,ACTIVO) values (398,2,'E',606,'S');
Insert into ROLES_PERMISOS_CAMPOS_SECCIONES (ID_ROL_PERMISO_CAMPO_SECCION,ID_ROL,PERMISO,ID_CAMPO_SECCION,ACTIVO) values (399,2,'E',607,'S');
Insert into ROLES_PERMISOS_CAMPOS_SECCIONES (ID_ROL_PERMISO_CAMPO_SECCION,ID_ROL,PERMISO,ID_CAMPO_SECCION,ACTIVO) values (400,2,'E',608,'S');
Insert into ROLES_PERMISOS_CAMPOS_SECCIONES (ID_ROL_PERMISO_CAMPO_SECCION,ID_ROL,PERMISO,ID_CAMPO_SECCION,ACTIVO) values (401,2,'E',609,'S');
Insert into ROLES_PERMISOS_CAMPOS_SECCIONES (ID_ROL_PERMISO_CAMPO_SECCION,ID_ROL,PERMISO,ID_CAMPO_SECCION,ACTIVO) values (402,2,'E',610,'S');
Insert into ROLES_PERMISOS_CAMPOS_SECCIONES (ID_ROL_PERMISO_CAMPO_SECCION,ID_ROL,PERMISO,ID_CAMPO_SECCION,ACTIVO) values (403,2,'E',611,'S');
Insert into ROLES_PERMISOS_CAMPOS_SECCIONES (ID_ROL_PERMISO_CAMPO_SECCION,ID_ROL,PERMISO,ID_CAMPO_SECCION,ACTIVO) values (404,2,'E',612,'S');
Insert into ROLES_PERMISOS_CAMPOS_SECCIONES (ID_ROL_PERMISO_CAMPO_SECCION,ID_ROL,PERMISO,ID_CAMPO_SECCION,ACTIVO) values (405,2,'E',613,'S');
Insert into ROLES_PERMISOS_CAMPOS_SECCIONES (ID_ROL_PERMISO_CAMPO_SECCION,ID_ROL,PERMISO,ID_CAMPO_SECCION,ACTIVO) values (406,2,'E',614,'S');
Insert into ROLES_PERMISOS_CAMPOS_SECCIONES (ID_ROL_PERMISO_CAMPO_SECCION,ID_ROL,PERMISO,ID_CAMPO_SECCION,ACTIVO) values (407,2,'E',615,'S');
Insert into ROLES_PERMISOS_CAMPOS_SECCIONES (ID_ROL_PERMISO_CAMPO_SECCION,ID_ROL,PERMISO,ID_CAMPO_SECCION,ACTIVO) values (408,2,'E',616,'S');
Insert into ROLES_PERMISOS_CAMPOS_SECCIONES (ID_ROL_PERMISO_CAMPO_SECCION,ID_ROL,PERMISO,ID_CAMPO_SECCION,ACTIVO) values (409,2,'E',617,'S');
Insert into ROLES_PERMISOS_CAMPOS_SECCIONES (ID_ROL_PERMISO_CAMPO_SECCION,ID_ROL,PERMISO,ID_CAMPO_SECCION,ACTIVO) values (410,2,'E',618,'S');
Insert into ROLES_PERMISOS_CAMPOS_SECCIONES (ID_ROL_PERMISO_CAMPO_SECCION,ID_ROL,PERMISO,ID_CAMPO_SECCION,ACTIVO) values (411,2,'E',619,'S');
Insert into ROLES_PERMISOS_CAMPOS_SECCIONES (ID_ROL_PERMISO_CAMPO_SECCION,ID_ROL,PERMISO,ID_CAMPO_SECCION,ACTIVO) values (412,2,'E',620,'S');
Insert into ROLES_PERMISOS_CAMPOS_SECCIONES (ID_ROL_PERMISO_CAMPO_SECCION,ID_ROL,PERMISO,ID_CAMPO_SECCION,ACTIVO) values (413,2,'E',621,'S');
Insert into ROLES_PERMISOS_CAMPOS_SECCIONES (ID_ROL_PERMISO_CAMPO_SECCION,ID_ROL,PERMISO,ID_CAMPO_SECCION,ACTIVO) values (414,2,'E',622,'S');
Insert into ROLES_PERMISOS_CAMPOS_SECCIONES (ID_ROL_PERMISO_CAMPO_SECCION,ID_ROL,PERMISO,ID_CAMPO_SECCION,ACTIVO) values (415,2,'E',623,'S');
Insert into ROLES_PERMISOS_CAMPOS_SECCIONES (ID_ROL_PERMISO_CAMPO_SECCION,ID_ROL,PERMISO,ID_CAMPO_SECCION,ACTIVO) values (416,2,'E',624,'S');
Insert into ROLES_PERMISOS_CAMPOS_SECCIONES (ID_ROL_PERMISO_CAMPO_SECCION,ID_ROL,PERMISO,ID_CAMPO_SECCION,ACTIVO) values (417,2,'E',625,'S');
Insert into ROLES_PERMISOS_CAMPOS_SECCIONES (ID_ROL_PERMISO_CAMPO_SECCION,ID_ROL,PERMISO,ID_CAMPO_SECCION,ACTIVO) values (418,2,'E',626,'S');
Insert into ROLES_PERMISOS_CAMPOS_SECCIONES (ID_ROL_PERMISO_CAMPO_SECCION,ID_ROL,PERMISO,ID_CAMPO_SECCION,ACTIVO) values (419,2,'E',627,'S');
Insert into ROLES_PERMISOS_CAMPOS_SECCIONES (ID_ROL_PERMISO_CAMPO_SECCION,ID_ROL,PERMISO,ID_CAMPO_SECCION,ACTIVO) values (420,2,'E',628,'S');
Insert into ROLES_PERMISOS_CAMPOS_SECCIONES (ID_ROL_PERMISO_CAMPO_SECCION,ID_ROL,PERMISO,ID_CAMPO_SECCION,ACTIVO) values (421,2,'E',629,'S');
Insert into ROLES_PERMISOS_CAMPOS_SECCIONES (ID_ROL_PERMISO_CAMPO_SECCION,ID_ROL,PERMISO,ID_CAMPO_SECCION,ACTIVO) values (422,2,'E',630,'S');
Insert into ROLES_PERMISOS_CAMPOS_SECCIONES (ID_ROL_PERMISO_CAMPO_SECCION,ID_ROL,PERMISO,ID_CAMPO_SECCION,ACTIVO) values (423,2,'E',631,'S');
Insert into ROLES_PERMISOS_CAMPOS_SECCIONES (ID_ROL_PERMISO_CAMPO_SECCION,ID_ROL,PERMISO,ID_CAMPO_SECCION,ACTIVO) values (424,2,'E',632,'S');
Insert into ROLES_PERMISOS_CAMPOS_SECCIONES (ID_ROL_PERMISO_CAMPO_SECCION,ID_ROL,PERMISO,ID_CAMPO_SECCION,ACTIVO) values (425,2,'E',633,'S');
Insert into ROLES_PERMISOS_CAMPOS_SECCIONES (ID_ROL_PERMISO_CAMPO_SECCION,ID_ROL,PERMISO,ID_CAMPO_SECCION,ACTIVO) values (426,2,'E',634,'S');
Insert into ROLES_PERMISOS_CAMPOS_SECCIONES (ID_ROL_PERMISO_CAMPO_SECCION,ID_ROL,PERMISO,ID_CAMPO_SECCION,ACTIVO) values (427,2,'E',635,'S');
Insert into ROLES_PERMISOS_CAMPOS_SECCIONES (ID_ROL_PERMISO_CAMPO_SECCION,ID_ROL,PERMISO,ID_CAMPO_SECCION,ACTIVO) values (428,2,'E',636,'S');
Insert into ROLES_PERMISOS_CAMPOS_SECCIONES (ID_ROL_PERMISO_CAMPO_SECCION,ID_ROL,PERMISO,ID_CAMPO_SECCION,ACTIVO) values (429,2,'E',637,'S');
Insert into ROLES_PERMISOS_CAMPOS_SECCIONES (ID_ROL_PERMISO_CAMPO_SECCION,ID_ROL,PERMISO,ID_CAMPO_SECCION,ACTIVO) values (430,2,'E',638,'S');
Insert into ROLES_PERMISOS_CAMPOS_SECCIONES (ID_ROL_PERMISO_CAMPO_SECCION,ID_ROL,PERMISO,ID_CAMPO_SECCION,ACTIVO) values (431,2,'E',639,'S');
Insert into ROLES_PERMISOS_CAMPOS_SECCIONES (ID_ROL_PERMISO_CAMPO_SECCION,ID_ROL,PERMISO,ID_CAMPO_SECCION,ACTIVO) values (432,2,'E',640,'S');
Insert into ROLES_PERMISOS_CAMPOS_SECCIONES (ID_ROL_PERMISO_CAMPO_SECCION,ID_ROL,PERMISO,ID_CAMPO_SECCION,ACTIVO) values (433,2,'E',641,'S');
Insert into ROLES_PERMISOS_CAMPOS_SECCIONES (ID_ROL_PERMISO_CAMPO_SECCION,ID_ROL,PERMISO,ID_CAMPO_SECCION,ACTIVO) values (434,2,'E',642,'S');
Insert into ROLES_PERMISOS_CAMPOS_SECCIONES (ID_ROL_PERMISO_CAMPO_SECCION,ID_ROL,PERMISO,ID_CAMPO_SECCION,ACTIVO) values (435,2,'E',643,'S');
Insert into ROLES_PERMISOS_CAMPOS_SECCIONES (ID_ROL_PERMISO_CAMPO_SECCION,ID_ROL,PERMISO,ID_CAMPO_SECCION,ACTIVO) values (436,2,'E',644,'S');
Insert into ROLES_PERMISOS_CAMPOS_SECCIONES (ID_ROL_PERMISO_CAMPO_SECCION,ID_ROL,PERMISO,ID_CAMPO_SECCION,ACTIVO) values (437,2,'E',645,'S');
Insert into ROLES_PERMISOS_CAMPOS_SECCIONES (ID_ROL_PERMISO_CAMPO_SECCION,ID_ROL,PERMISO,ID_CAMPO_SECCION,ACTIVO) values (438,2,'E',646,'S');
Insert into ROLES_PERMISOS_CAMPOS_SECCIONES (ID_ROL_PERMISO_CAMPO_SECCION,ID_ROL,PERMISO,ID_CAMPO_SECCION,ACTIVO) values (439,2,'E',647,'S');
Insert into ROLES_PERMISOS_CAMPOS_SECCIONES (ID_ROL_PERMISO_CAMPO_SECCION,ID_ROL,PERMISO,ID_CAMPO_SECCION,ACTIVO) values (440,2,'E',648,'S');
Insert into ROLES_PERMISOS_CAMPOS_SECCIONES (ID_ROL_PERMISO_CAMPO_SECCION,ID_ROL,PERMISO,ID_CAMPO_SECCION,ACTIVO) values (441,2,'E',649,'S');
Insert into ROLES_PERMISOS_CAMPOS_SECCIONES (ID_ROL_PERMISO_CAMPO_SECCION,ID_ROL,PERMISO,ID_CAMPO_SECCION,ACTIVO) values (442,2,'E',650,'S');
Insert into ROLES_PERMISOS_CAMPOS_SECCIONES (ID_ROL_PERMISO_CAMPO_SECCION,ID_ROL,PERMISO,ID_CAMPO_SECCION,ACTIVO) values (443,2,'E',651,'S');
Insert into ROLES_PERMISOS_CAMPOS_SECCIONES (ID_ROL_PERMISO_CAMPO_SECCION,ID_ROL,PERMISO,ID_CAMPO_SECCION,ACTIVO) values (444,2,'E',652,'S');
Insert into ROLES_PERMISOS_CAMPOS_SECCIONES (ID_ROL_PERMISO_CAMPO_SECCION,ID_ROL,PERMISO,ID_CAMPO_SECCION,ACTIVO) values (445,2,'E',653,'S');
Insert into ROLES_PERMISOS_CAMPOS_SECCIONES (ID_ROL_PERMISO_CAMPO_SECCION,ID_ROL,PERMISO,ID_CAMPO_SECCION,ACTIVO) values (446,2,'E',654,'S');
Insert into ROLES_PERMISOS_CAMPOS_SECCIONES (ID_ROL_PERMISO_CAMPO_SECCION,ID_ROL,PERMISO,ID_CAMPO_SECCION,ACTIVO) values (447,2,'E',655,'S');
Insert into ROLES_PERMISOS_CAMPOS_SECCIONES (ID_ROL_PERMISO_CAMPO_SECCION,ID_ROL,PERMISO,ID_CAMPO_SECCION,ACTIVO) values (448,2,'E',656,'S');
Insert into ROLES_PERMISOS_CAMPOS_SECCIONES (ID_ROL_PERMISO_CAMPO_SECCION,ID_ROL,PERMISO,ID_CAMPO_SECCION,ACTIVO) values (449,2,'E',657,'S');
Insert into ROLES_PERMISOS_CAMPOS_SECCIONES (ID_ROL_PERMISO_CAMPO_SECCION,ID_ROL,PERMISO,ID_CAMPO_SECCION,ACTIVO) values (450,2,'E',658,'S');
Insert into ROLES_PERMISOS_CAMPOS_SECCIONES (ID_ROL_PERMISO_CAMPO_SECCION,ID_ROL,PERMISO,ID_CAMPO_SECCION,ACTIVO) values (451,2,'E',659,'S');
Insert into ROLES_PERMISOS_CAMPOS_SECCIONES (ID_ROL_PERMISO_CAMPO_SECCION,ID_ROL,PERMISO,ID_CAMPO_SECCION,ACTIVO) values (452,2,'E',660,'S');
Insert into ROLES_PERMISOS_CAMPOS_SECCIONES (ID_ROL_PERMISO_CAMPO_SECCION,ID_ROL,PERMISO,ID_CAMPO_SECCION,ACTIVO) values (453,2,'E',661,'S');
Insert into ROLES_PERMISOS_CAMPOS_SECCIONES (ID_ROL_PERMISO_CAMPO_SECCION,ID_ROL,PERMISO,ID_CAMPO_SECCION,ACTIVO) values (454,2,'E',662,'S');
Insert into ROLES_PERMISOS_CAMPOS_SECCIONES (ID_ROL_PERMISO_CAMPO_SECCION,ID_ROL,PERMISO,ID_CAMPO_SECCION,ACTIVO) values (455,2,'E',663,'S');
Insert into ROLES_PERMISOS_CAMPOS_SECCIONES (ID_ROL_PERMISO_CAMPO_SECCION,ID_ROL,PERMISO,ID_CAMPO_SECCION,ACTIVO) values (456,2,'E',664,'S');
Insert into ROLES_PERMISOS_CAMPOS_SECCIONES (ID_ROL_PERMISO_CAMPO_SECCION,ID_ROL,PERMISO,ID_CAMPO_SECCION,ACTIVO) values (457,2,'E',665,'S');
Insert into ROLES_PERMISOS_CAMPOS_SECCIONES (ID_ROL_PERMISO_CAMPO_SECCION,ID_ROL,PERMISO,ID_CAMPO_SECCION,ACTIVO) values (458,2,'E',666,'S');
Insert into ROLES_PERMISOS_CAMPOS_SECCIONES (ID_ROL_PERMISO_CAMPO_SECCION,ID_ROL,PERMISO,ID_CAMPO_SECCION,ACTIVO) values (459,2,'E',667,'S');
Insert into ROLES_PERMISOS_CAMPOS_SECCIONES (ID_ROL_PERMISO_CAMPO_SECCION,ID_ROL,PERMISO,ID_CAMPO_SECCION,ACTIVO) values (460,2,'E',668,'S');
Insert into ROLES_PERMISOS_CAMPOS_SECCIONES (ID_ROL_PERMISO_CAMPO_SECCION,ID_ROL,PERMISO,ID_CAMPO_SECCION,ACTIVO) values (461,2,'E',669,'S');
Insert into ROLES_PERMISOS_CAMPOS_SECCIONES (ID_ROL_PERMISO_CAMPO_SECCION,ID_ROL,PERMISO,ID_CAMPO_SECCION,ACTIVO) values (462,2,'E',670,'S');
Insert into ROLES_PERMISOS_CAMPOS_SECCIONES (ID_ROL_PERMISO_CAMPO_SECCION,ID_ROL,PERMISO,ID_CAMPO_SECCION,ACTIVO) values (463,2,'E',671,'S');
Insert into ROLES_PERMISOS_CAMPOS_SECCIONES (ID_ROL_PERMISO_CAMPO_SECCION,ID_ROL,PERMISO,ID_CAMPO_SECCION,ACTIVO) values (464,2,'E',672,'S');
Insert into ROLES_PERMISOS_CAMPOS_SECCIONES (ID_ROL_PERMISO_CAMPO_SECCION,ID_ROL,PERMISO,ID_CAMPO_SECCION,ACTIVO) values (465,2,'E',673,'S');
Insert into ROLES_PERMISOS_CAMPOS_SECCIONES (ID_ROL_PERMISO_CAMPO_SECCION,ID_ROL,PERMISO,ID_CAMPO_SECCION,ACTIVO) values (466,2,'E',674,'S');
Insert into ROLES_PERMISOS_CAMPOS_SECCIONES (ID_ROL_PERMISO_CAMPO_SECCION,ID_ROL,PERMISO,ID_CAMPO_SECCION,ACTIVO) values (467,2,'E',675,'S');
Insert into ROLES_PERMISOS_CAMPOS_SECCIONES (ID_ROL_PERMISO_CAMPO_SECCION,ID_ROL,PERMISO,ID_CAMPO_SECCION,ACTIVO) values (468,2,'E',676,'S');
Insert into ROLES_PERMISOS_CAMPOS_SECCIONES (ID_ROL_PERMISO_CAMPO_SECCION,ID_ROL,PERMISO,ID_CAMPO_SECCION,ACTIVO) values (469,2,'E',677,'S');
Insert into ROLES_PERMISOS_CAMPOS_SECCIONES (ID_ROL_PERMISO_CAMPO_SECCION,ID_ROL,PERMISO,ID_CAMPO_SECCION,ACTIVO) values (470,2,'E',678,'S');
Insert into ROLES_PERMISOS_CAMPOS_SECCIONES (ID_ROL_PERMISO_CAMPO_SECCION,ID_ROL,PERMISO,ID_CAMPO_SECCION,ACTIVO) values (471,2,'E',679,'S');
Insert into ROLES_PERMISOS_CAMPOS_SECCIONES (ID_ROL_PERMISO_CAMPO_SECCION,ID_ROL,PERMISO,ID_CAMPO_SECCION,ACTIVO) values (472,2,'E',680,'S');
Insert into ROLES_PERMISOS_CAMPOS_SECCIONES (ID_ROL_PERMISO_CAMPO_SECCION,ID_ROL,PERMISO,ID_CAMPO_SECCION,ACTIVO) values (473,2,'E',681,'S');
Insert into ROLES_PERMISOS_CAMPOS_SECCIONES (ID_ROL_PERMISO_CAMPO_SECCION,ID_ROL,PERMISO,ID_CAMPO_SECCION,ACTIVO) values (474,2,'E',682,'S');
Insert into ROLES_PERMISOS_CAMPOS_SECCIONES (ID_ROL_PERMISO_CAMPO_SECCION,ID_ROL,PERMISO,ID_CAMPO_SECCION,ACTIVO) values (475,2,'E',683,'S');
Insert into ROLES_PERMISOS_CAMPOS_SECCIONES (ID_ROL_PERMISO_CAMPO_SECCION,ID_ROL,PERMISO,ID_CAMPO_SECCION,ACTIVO) values (476,2,'E',684,'S');
Insert into ROLES_PERMISOS_CAMPOS_SECCIONES (ID_ROL_PERMISO_CAMPO_SECCION,ID_ROL,PERMISO,ID_CAMPO_SECCION,ACTIVO) values (477,2,'E',685,'S');
Insert into ROLES_PERMISOS_CAMPOS_SECCIONES (ID_ROL_PERMISO_CAMPO_SECCION,ID_ROL,PERMISO,ID_CAMPO_SECCION,ACTIVO) values (478,2,'E',686,'S');
Insert into ROLES_PERMISOS_CAMPOS_SECCIONES (ID_ROL_PERMISO_CAMPO_SECCION,ID_ROL,PERMISO,ID_CAMPO_SECCION,ACTIVO) values (479,2,'E',687,'S');
Insert into ROLES_PERMISOS_CAMPOS_SECCIONES (ID_ROL_PERMISO_CAMPO_SECCION,ID_ROL,PERMISO,ID_CAMPO_SECCION,ACTIVO) values (480,2,'E',688,'S');
Insert into ROLES_PERMISOS_CAMPOS_SECCIONES (ID_ROL_PERMISO_CAMPO_SECCION,ID_ROL,PERMISO,ID_CAMPO_SECCION,ACTIVO) values (481,2,'E',689,'S');
Insert into ROLES_PERMISOS_CAMPOS_SECCIONES (ID_ROL_PERMISO_CAMPO_SECCION,ID_ROL,PERMISO,ID_CAMPO_SECCION,ACTIVO) values (482,2,'E',690,'S');
Insert into ROLES_PERMISOS_CAMPOS_SECCIONES (ID_ROL_PERMISO_CAMPO_SECCION,ID_ROL,PERMISO,ID_CAMPO_SECCION,ACTIVO) values (483,2,'E',691,'S');
Insert into ROLES_PERMISOS_CAMPOS_SECCIONES (ID_ROL_PERMISO_CAMPO_SECCION,ID_ROL,PERMISO,ID_CAMPO_SECCION,ACTIVO) values (484,2,'E',692,'S');
Insert into ROLES_PERMISOS_CAMPOS_SECCIONES (ID_ROL_PERMISO_CAMPO_SECCION,ID_ROL,PERMISO,ID_CAMPO_SECCION,ACTIVO) values (485,2,'E',693,'S');
Insert into ROLES_PERMISOS_CAMPOS_SECCIONES (ID_ROL_PERMISO_CAMPO_SECCION,ID_ROL,PERMISO,ID_CAMPO_SECCION,ACTIVO) values (486,2,'E',694,'S');
Insert into ROLES_PERMISOS_CAMPOS_SECCIONES (ID_ROL_PERMISO_CAMPO_SECCION,ID_ROL,PERMISO,ID_CAMPO_SECCION,ACTIVO) values (487,2,'E',695,'S');
Insert into ROLES_PERMISOS_CAMPOS_SECCIONES (ID_ROL_PERMISO_CAMPO_SECCION,ID_ROL,PERMISO,ID_CAMPO_SECCION,ACTIVO) values (488,2,'E',696,'S');
Insert into ROLES_PERMISOS_CAMPOS_SECCIONES (ID_ROL_PERMISO_CAMPO_SECCION,ID_ROL,PERMISO,ID_CAMPO_SECCION,ACTIVO) values (489,2,'E',697,'S');
Insert into ROLES_PERMISOS_CAMPOS_SECCIONES (ID_ROL_PERMISO_CAMPO_SECCION,ID_ROL,PERMISO,ID_CAMPO_SECCION,ACTIVO) values (490,2,'E',698,'S');
Insert into ROLES_PERMISOS_CAMPOS_SECCIONES (ID_ROL_PERMISO_CAMPO_SECCION,ID_ROL,PERMISO,ID_CAMPO_SECCION,ACTIVO) values (491,2,'E',699,'S');
Insert into ROLES_PERMISOS_CAMPOS_SECCIONES (ID_ROL_PERMISO_CAMPO_SECCION,ID_ROL,PERMISO,ID_CAMPO_SECCION,ACTIVO) values (492,2,'E',700,'S');
Insert into ROLES_PERMISOS_CAMPOS_SECCIONES (ID_ROL_PERMISO_CAMPO_SECCION,ID_ROL,PERMISO,ID_CAMPO_SECCION,ACTIVO) values (493,2,'E',701,'S');
Insert into ROLES_PERMISOS_CAMPOS_SECCIONES (ID_ROL_PERMISO_CAMPO_SECCION,ID_ROL,PERMISO,ID_CAMPO_SECCION,ACTIVO) values (494,2,'E',702,'S');
Insert into ROLES_PERMISOS_CAMPOS_SECCIONES (ID_ROL_PERMISO_CAMPO_SECCION,ID_ROL,PERMISO,ID_CAMPO_SECCION,ACTIVO) values (495,2,'E',703,'S');
Insert into ROLES_PERMISOS_CAMPOS_SECCIONES (ID_ROL_PERMISO_CAMPO_SECCION,ID_ROL,PERMISO,ID_CAMPO_SECCION,ACTIVO) values (496,2,'E',704,'S');

Insert into SOLICITUDES (ID_SOLICITUD,CORRELATIVO,FECHA_SOLICITUD,ID_TIPO_DOCUMENTO) values (9,'SSC-001-2025',to_date('30-JUL-25','DD-MON-RR'),5);
Insert into SOLICITUDES (ID_SOLICITUD,CORRELATIVO,FECHA_SOLICITUD,ID_TIPO_DOCUMENTO) values (10,'SSC-001-2025',to_date('30-JUL-25','DD-MON-RR'),5);

Insert into DETALLES_SOLICITUDES (ID_DETALLE_SOLICITUD,ID_CAMPO,ID_SOLICITUD,VALOR) values (591,1,9,'DUI');
Insert into DETALLES_SOLICITUDES (ID_DETALLE_SOLICITUD,ID_CAMPO,ID_SOLICITUD,VALOR) values (592,2,9,'04879564-9');
Insert into DETALLES_SOLICITUDES (ID_DETALLE_SOLICITUD,ID_CAMPO,ID_SOLICITUD,VALOR) values (593,3,9,'Padre');
Insert into DETALLES_SOLICITUDES (ID_DETALLE_SOLICITUD,ID_CAMPO,ID_SOLICITUD,VALOR) values (594,4,9,'Mario');
Insert into DETALLES_SOLICITUDES (ID_DETALLE_SOLICITUD,ID_CAMPO,ID_SOLICITUD,VALOR) values (595,5,9,'Alfredo');
Insert into DETALLES_SOLICITUDES (ID_DETALLE_SOLICITUD,ID_CAMPO,ID_SOLICITUD,VALOR) values (596,6,9,'Juarez');
Insert into DETALLES_SOLICITUDES (ID_DETALLE_SOLICITUD,ID_CAMPO,ID_SOLICITUD,VALOR) values (597,7,9,'Martinez');
Insert into DETALLES_SOLICITUDES (ID_DETALLE_SOLICITUD,ID_CAMPO,ID_SOLICITUD,VALOR) values (598,8,9,'1990-06-30');
Insert into DETALLES_SOLICITUDES (ID_DETALLE_SOLICITUD,ID_CAMPO,ID_SOLICITUD,VALOR) values (599,9,9,'San Salvador');
Insert into DETALLES_SOLICITUDES (ID_DETALLE_SOLICITUD,ID_CAMPO,ID_SOLICITUD,VALOR) values (600,10,9,'2025-07-31');
Insert into DETALLES_SOLICITUDES (ID_DETALLE_SOLICITUD,ID_CAMPO,ID_SOLICITUD,VALOR) values (601,11,9,'San Salvador Centro');
Insert into DETALLES_SOLICITUDES (ID_DETALLE_SOLICITUD,ID_CAMPO,ID_SOLICITUD,VALOR) values (602,12,9,'123456789');
Insert into DETALLES_SOLICITUDES (ID_DETALLE_SOLICITUD,ID_CAMPO,ID_SOLICITUD,VALOR) values (603,13,9,'Oficina central');
Insert into DETALLES_SOLICITUDES (ID_DETALLE_SOLICITUD,ID_CAMPO,ID_SOLICITUD,VALOR) values (604,1,9,'DUI');
Insert into DETALLES_SOLICITUDES (ID_DETALLE_SOLICITUD,ID_CAMPO,ID_SOLICITUD,VALOR) values (605,2,9,'03968671-9');
Insert into DETALLES_SOLICITUDES (ID_DETALLE_SOLICITUD,ID_CAMPO,ID_SOLICITUD,VALOR) values (606,4,9,'Ana');
Insert into DETALLES_SOLICITUDES (ID_DETALLE_SOLICITUD,ID_CAMPO,ID_SOLICITUD,VALOR) values (607,5,9,'Gloria');
Insert into DETALLES_SOLICITUDES (ID_DETALLE_SOLICITUD,ID_CAMPO,ID_SOLICITUD,VALOR) values (608,14,9,null);
Insert into DETALLES_SOLICITUDES (ID_DETALLE_SOLICITUD,ID_CAMPO,ID_SOLICITUD,VALOR) values (609,6,9,'Guzman');
Insert into DETALLES_SOLICITUDES (ID_DETALLE_SOLICITUD,ID_CAMPO,ID_SOLICITUD,VALOR) values (610,7,9,'Alvarenga');
Insert into DETALLES_SOLICITUDES (ID_DETALLE_SOLICITUD,ID_CAMPO,ID_SOLICITUD,VALOR) values (611,15,9,'Casada');
Insert into DETALLES_SOLICITUDES (ID_DETALLE_SOLICITUD,ID_CAMPO,ID_SOLICITUD,VALOR) values (612,8,9,'1994-12-09');
Insert into DETALLES_SOLICITUDES (ID_DETALLE_SOLICITUD,ID_CAMPO,ID_SOLICITUD,VALOR) values (613,16,9,'31');
Insert into DETALLES_SOLICITUDES (ID_DETALLE_SOLICITUD,ID_CAMPO,ID_SOLICITUD,VALOR) values (614,17,9,'Salvadoreno');
Insert into DETALLES_SOLICITUDES (ID_DETALLE_SOLICITUD,ID_CAMPO,ID_SOLICITUD,VALOR) values (615,18,9,'El Salvador');
Insert into DETALLES_SOLICITUDES (ID_DETALLE_SOLICITUD,ID_CAMPO,ID_SOLICITUD,VALOR) values (616,19,9,'San Salvador');
Insert into DETALLES_SOLICITUDES (ID_DETALLE_SOLICITUD,ID_CAMPO,ID_SOLICITUD,VALOR) values (617,20,9,'San Salvador');
Insert into DETALLES_SOLICITUDES (ID_DETALLE_SOLICITUD,ID_CAMPO,ID_SOLICITUD,VALOR) values (618,21,9,'San Salvador Centro');
Insert into DETALLES_SOLICITUDES (ID_DETALLE_SOLICITUD,ID_CAMPO,ID_SOLICITUD,VALOR) values (619,22,9,'Las Amapolas');
Insert into DETALLES_SOLICITUDES (ID_DETALLE_SOLICITUD,ID_CAMPO,ID_SOLICITUD,VALOR) values (620,23,9,'El Salvador');
Insert into DETALLES_SOLICITUDES (ID_DETALLE_SOLICITUD,ID_CAMPO,ID_SOLICITUD,VALOR) values (621,24,9,'San Salvador');
Insert into DETALLES_SOLICITUDES (ID_DETALLE_SOLICITUD,ID_CAMPO,ID_SOLICITUD,VALOR) values (622,25,9,'San Salvador');
Insert into DETALLES_SOLICITUDES (ID_DETALLE_SOLICITUD,ID_CAMPO,ID_SOLICITUD,VALOR) values (623,26,9,'San Salvador Centro');
Insert into DETALLES_SOLICITUDES (ID_DETALLE_SOLICITUD,ID_CAMPO,ID_SOLICITUD,VALOR) values (705,1,10,'DUI');
Insert into DETALLES_SOLICITUDES (ID_DETALLE_SOLICITUD,ID_CAMPO,ID_SOLICITUD,VALOR) values (624,27,9,'Las Amapolas');
Insert into DETALLES_SOLICITUDES (ID_DETALLE_SOLICITUD,ID_CAMPO,ID_SOLICITUD,VALOR) values (625,28,9,'Calle Padres Aguilar #83');
Insert into DETALLES_SOLICITUDES (ID_DETALLE_SOLICITUD,ID_CAMPO,ID_SOLICITUD,VALOR) values (626,29,9,'Profesora');
Insert into DETALLES_SOLICITUDES (ID_DETALLE_SOLICITUD,ID_CAMPO,ID_SOLICITUD,VALOR) values (627,30,9,'Profesora');
Insert into DETALLES_SOLICITUDES (ID_DETALLE_SOLICITUD,ID_CAMPO,ID_SOLICITUD,VALOR) values (628,31,9,'Si');
Insert into DETALLES_SOLICITUDES (ID_DETALLE_SOLICITUD,ID_CAMPO,ID_SOLICITUD,VALOR) values (629,32,9,'Universidad');
Insert into DETALLES_SOLICITUDES (ID_DETALLE_SOLICITUD,ID_CAMPO,ID_SOLICITUD,VALOR) values (630,33,9,'1');
Insert into DETALLES_SOLICITUDES (ID_DETALLE_SOLICITUD,ID_CAMPO,ID_SOLICITUD,VALOR) values (631,34,9,'1');
Insert into DETALLES_SOLICITUDES (ID_DETALLE_SOLICITUD,ID_CAMPO,ID_SOLICITUD,VALOR) values (632,35,9,null);
Insert into DETALLES_SOLICITUDES (ID_DETALLE_SOLICITUD,ID_CAMPO,ID_SOLICITUD,VALOR) values (633,36,9,null);
Insert into DETALLES_SOLICITUDES (ID_DETALLE_SOLICITUD,ID_CAMPO,ID_SOLICITUD,VALOR) values (634,37,9,'Cesarea');
Insert into DETALLES_SOLICITUDES (ID_DETALLE_SOLICITUD,ID_CAMPO,ID_SOLICITUD,VALOR) values (635,38,9,'Normal');
Insert into DETALLES_SOLICITUDES (ID_DETALLE_SOLICITUD,ID_CAMPO,ID_SOLICITUD,VALOR) values (636,39,9,'40');
Insert into DETALLES_SOLICITUDES (ID_DETALLE_SOLICITUD,ID_CAMPO,ID_SOLICITUD,VALOR) values (637,40,9,'Medica');
Insert into DETALLES_SOLICITUDES (ID_DETALLE_SOLICITUD,ID_CAMPO,ID_SOLICITUD,VALOR) values (638,41,9,'Doctor Alberto Ventura');
Insert into DETALLES_SOLICITUDES (ID_DETALLE_SOLICITUD,ID_CAMPO,ID_SOLICITUD,VALOR) values (639,1,9,'DUI');
Insert into DETALLES_SOLICITUDES (ID_DETALLE_SOLICITUD,ID_CAMPO,ID_SOLICITUD,VALOR) values (640,2,9,'03935837-9');
Insert into DETALLES_SOLICITUDES (ID_DETALLE_SOLICITUD,ID_CAMPO,ID_SOLICITUD,VALOR) values (641,4,9,'Jose');
Insert into DETALLES_SOLICITUDES (ID_DETALLE_SOLICITUD,ID_CAMPO,ID_SOLICITUD,VALOR) values (642,5,9,'Luis');
Insert into DETALLES_SOLICITUDES (ID_DETALLE_SOLICITUD,ID_CAMPO,ID_SOLICITUD,VALOR) values (643,14,9,null);
Insert into DETALLES_SOLICITUDES (ID_DETALLE_SOLICITUD,ID_CAMPO,ID_SOLICITUD,VALOR) values (644,6,9,'Peraza');
Insert into DETALLES_SOLICITUDES (ID_DETALLE_SOLICITUD,ID_CAMPO,ID_SOLICITUD,VALOR) values (645,7,9,'Morales');
Insert into DETALLES_SOLICITUDES (ID_DETALLE_SOLICITUD,ID_CAMPO,ID_SOLICITUD,VALOR) values (646,15,9,'Casado');
Insert into DETALLES_SOLICITUDES (ID_DETALLE_SOLICITUD,ID_CAMPO,ID_SOLICITUD,VALOR) values (647,8,9,'1990-07-12');
Insert into DETALLES_SOLICITUDES (ID_DETALLE_SOLICITUD,ID_CAMPO,ID_SOLICITUD,VALOR) values (648,16,9,'35');
Insert into DETALLES_SOLICITUDES (ID_DETALLE_SOLICITUD,ID_CAMPO,ID_SOLICITUD,VALOR) values (649,17,9,'Salvadoreno');
Insert into DETALLES_SOLICITUDES (ID_DETALLE_SOLICITUD,ID_CAMPO,ID_SOLICITUD,VALOR) values (650,18,9,'El Salvador');
Insert into DETALLES_SOLICITUDES (ID_DETALLE_SOLICITUD,ID_CAMPO,ID_SOLICITUD,VALOR) values (651,19,9,'San Salvador');
Insert into DETALLES_SOLICITUDES (ID_DETALLE_SOLICITUD,ID_CAMPO,ID_SOLICITUD,VALOR) values (652,20,9,'San Salvador');
Insert into DETALLES_SOLICITUDES (ID_DETALLE_SOLICITUD,ID_CAMPO,ID_SOLICITUD,VALOR) values (653,21,9,'San Salvador Centro');
Insert into DETALLES_SOLICITUDES (ID_DETALLE_SOLICITUD,ID_CAMPO,ID_SOLICITUD,VALOR) values (654,22,9,'Las Margaritas');
Insert into DETALLES_SOLICITUDES (ID_DETALLE_SOLICITUD,ID_CAMPO,ID_SOLICITUD,VALOR) values (655,23,9,'El Salvador');
Insert into DETALLES_SOLICITUDES (ID_DETALLE_SOLICITUD,ID_CAMPO,ID_SOLICITUD,VALOR) values (656,24,9,'San Salvador');
Insert into DETALLES_SOLICITUDES (ID_DETALLE_SOLICITUD,ID_CAMPO,ID_SOLICITUD,VALOR) values (657,25,9,'San Salvador');
Insert into DETALLES_SOLICITUDES (ID_DETALLE_SOLICITUD,ID_CAMPO,ID_SOLICITUD,VALOR) values (658,26,9,'San Salvador Centro');
Insert into DETALLES_SOLICITUDES (ID_DETALLE_SOLICITUD,ID_CAMPO,ID_SOLICITUD,VALOR) values (659,27,9,'Las Margaritas');
Insert into DETALLES_SOLICITUDES (ID_DETALLE_SOLICITUD,ID_CAMPO,ID_SOLICITUD,VALOR) values (660,28,9,'Calle Gerardo Barrios #36');
Insert into DETALLES_SOLICITUDES (ID_DETALLE_SOLICITUD,ID_CAMPO,ID_SOLICITUD,VALOR) values (661,29,9,'Arquitecto');
Insert into DETALLES_SOLICITUDES (ID_DETALLE_SOLICITUD,ID_CAMPO,ID_SOLICITUD,VALOR) values (662,30,9,'Arquitecto');
Insert into DETALLES_SOLICITUDES (ID_DETALLE_SOLICITUD,ID_CAMPO,ID_SOLICITUD,VALOR) values (663,31,9,'Si');
Insert into DETALLES_SOLICITUDES (ID_DETALLE_SOLICITUD,ID_CAMPO,ID_SOLICITUD,VALOR) values (664,42,9,'Hospital Nacional');
Insert into DETALLES_SOLICITUDES (ID_DETALLE_SOLICITUD,ID_CAMPO,ID_SOLICITUD,VALOR) values (665,9,9,'San Salvador');
Insert into DETALLES_SOLICITUDES (ID_DETALLE_SOLICITUD,ID_CAMPO,ID_SOLICITUD,VALOR) values (666,18,9,'El Salvador');
Insert into DETALLES_SOLICITUDES (ID_DETALLE_SOLICITUD,ID_CAMPO,ID_SOLICITUD,VALOR) values (667,19,9,'San Salvador');
Insert into DETALLES_SOLICITUDES (ID_DETALLE_SOLICITUD,ID_CAMPO,ID_SOLICITUD,VALOR) values (668,20,9,'San Salvador');
Insert into DETALLES_SOLICITUDES (ID_DETALLE_SOLICITUD,ID_CAMPO,ID_SOLICITUD,VALOR) values (669,21,9,'San Salvador Centro');
Insert into DETALLES_SOLICITUDES (ID_DETALLE_SOLICITUD,ID_CAMPO,ID_SOLICITUD,VALOR) values (670,22,9,'Canton Arenales');
Insert into DETALLES_SOLICITUDES (ID_DETALLE_SOLICITUD,ID_CAMPO,ID_SOLICITUD,VALOR) values (671,43,9,'Carretera Troncal Norte #118');
Insert into DETALLES_SOLICITUDES (ID_DETALLE_SOLICITUD,ID_CAMPO,ID_SOLICITUD,VALOR) values (672,4,9,'Lorenzo');
Insert into DETALLES_SOLICITUDES (ID_DETALLE_SOLICITUD,ID_CAMPO,ID_SOLICITUD,VALOR) values (673,5,9,'Antonio');
Insert into DETALLES_SOLICITUDES (ID_DETALLE_SOLICITUD,ID_CAMPO,ID_SOLICITUD,VALOR) values (674,6,9,'Miranda');
Insert into DETALLES_SOLICITUDES (ID_DETALLE_SOLICITUD,ID_CAMPO,ID_SOLICITUD,VALOR) values (675,7,9,'Lopez');
Insert into DETALLES_SOLICITUDES (ID_DETALLE_SOLICITUD,ID_CAMPO,ID_SOLICITUD,VALOR) values (676,44,9,'3000');
Insert into DETALLES_SOLICITUDES (ID_DETALLE_SOLICITUD,ID_CAMPO,ID_SOLICITUD,VALOR) values (677,45,9,'50');
Insert into DETALLES_SOLICITUDES (ID_DETALLE_SOLICITUD,ID_CAMPO,ID_SOLICITUD,VALOR) values (678,8,9,'2025-07-29');
Insert into DETALLES_SOLICITUDES (ID_DETALLE_SOLICITUD,ID_CAMPO,ID_SOLICITUD,VALOR) values (679,46,9,'21:18');
Insert into DETALLES_SOLICITUDES (ID_DETALLE_SOLICITUD,ID_CAMPO,ID_SOLICITUD,VALOR) values (680,47,9,'Masculino');
Insert into DETALLES_SOLICITUDES (ID_DETALLE_SOLICITUD,ID_CAMPO,ID_SOLICITUD,VALOR) values (681,48,9,'450');
Insert into DETALLES_SOLICITUDES (ID_DETALLE_SOLICITUD,ID_CAMPO,ID_SOLICITUD,VALOR) values (682,1,9,'DUI');
Insert into DETALLES_SOLICITUDES (ID_DETALLE_SOLICITUD,ID_CAMPO,ID_SOLICITUD,VALOR) values (683,2,9,'05617394-4');
Insert into DETALLES_SOLICITUDES (ID_DETALLE_SOLICITUD,ID_CAMPO,ID_SOLICITUD,VALOR) values (684,4,9,'Carlos');
Insert into DETALLES_SOLICITUDES (ID_DETALLE_SOLICITUD,ID_CAMPO,ID_SOLICITUD,VALOR) values (685,5,9,'Emilio');
Insert into DETALLES_SOLICITUDES (ID_DETALLE_SOLICITUD,ID_CAMPO,ID_SOLICITUD,VALOR) values (686,14,9,null);
Insert into DETALLES_SOLICITUDES (ID_DETALLE_SOLICITUD,ID_CAMPO,ID_SOLICITUD,VALOR) values (687,6,9,'Perdomo');
Insert into DETALLES_SOLICITUDES (ID_DETALLE_SOLICITUD,ID_CAMPO,ID_SOLICITUD,VALOR) values (688,7,9,'Lopez');
Insert into DETALLES_SOLICITUDES (ID_DETALLE_SOLICITUD,ID_CAMPO,ID_SOLICITUD,VALOR) values (689,8,9,'1993-11-30');
Insert into DETALLES_SOLICITUDES (ID_DETALLE_SOLICITUD,ID_CAMPO,ID_SOLICITUD,VALOR) values (690,16,9,'32');
Insert into DETALLES_SOLICITUDES (ID_DETALLE_SOLICITUD,ID_CAMPO,ID_SOLICITUD,VALOR) values (691,49,9,'Padre');
Insert into DETALLES_SOLICITUDES (ID_DETALLE_SOLICITUD,ID_CAMPO,ID_SOLICITUD,VALOR) values (692,47,9,'Masculino');
Insert into DETALLES_SOLICITUDES (ID_DETALLE_SOLICITUD,ID_CAMPO,ID_SOLICITUD,VALOR) values (693,50,9,null);
Insert into DETALLES_SOLICITUDES (ID_DETALLE_SOLICITUD,ID_CAMPO,ID_SOLICITUD,VALOR) values (694,53,9,null);
Insert into DETALLES_SOLICITUDES (ID_DETALLE_SOLICITUD,ID_CAMPO,ID_SOLICITUD,VALOR) values (695,29,9,'Transportista');
Insert into DETALLES_SOLICITUDES (ID_DETALLE_SOLICITUD,ID_CAMPO,ID_SOLICITUD,VALOR) values (696,17,9,'Salvadoreno');
Insert into DETALLES_SOLICITUDES (ID_DETALLE_SOLICITUD,ID_CAMPO,ID_SOLICITUD,VALOR) values (697,18,9,'El Salvador');
Insert into DETALLES_SOLICITUDES (ID_DETALLE_SOLICITUD,ID_CAMPO,ID_SOLICITUD,VALOR) values (698,19,9,'San Salvador');
Insert into DETALLES_SOLICITUDES (ID_DETALLE_SOLICITUD,ID_CAMPO,ID_SOLICITUD,VALOR) values (699,20,9,'San Salvador');
Insert into DETALLES_SOLICITUDES (ID_DETALLE_SOLICITUD,ID_CAMPO,ID_SOLICITUD,VALOR) values (700,21,9,'San Salvador Centro');
Insert into DETALLES_SOLICITUDES (ID_DETALLE_SOLICITUD,ID_CAMPO,ID_SOLICITUD,VALOR) values (701,22,9,null);
Insert into DETALLES_SOLICITUDES (ID_DETALLE_SOLICITUD,ID_CAMPO,ID_SOLICITUD,VALOR) values (702,43,9,'Boulevard del Ejercito #451');
Insert into DETALLES_SOLICITUDES (ID_DETALLE_SOLICITUD,ID_CAMPO,ID_SOLICITUD,VALOR) values (703,51,9,'Soyapango');
Insert into DETALLES_SOLICITUDES (ID_DETALLE_SOLICITUD,ID_CAMPO,ID_SOLICITUD,VALOR) values (704,52,9,'Soyapango Centro');
Insert into DETALLES_SOLICITUDES (ID_DETALLE_SOLICITUD,ID_CAMPO,ID_SOLICITUD,VALOR) values (706,2,10,'06897413-4');
Insert into DETALLES_SOLICITUDES (ID_DETALLE_SOLICITUD,ID_CAMPO,ID_SOLICITUD,VALOR) values (707,3,10,'Padre');
Insert into DETALLES_SOLICITUDES (ID_DETALLE_SOLICITUD,ID_CAMPO,ID_SOLICITUD,VALOR) values (708,4,10,'Mario');
Insert into DETALLES_SOLICITUDES (ID_DETALLE_SOLICITUD,ID_CAMPO,ID_SOLICITUD,VALOR) values (709,5,10,'Alfredo');
Insert into DETALLES_SOLICITUDES (ID_DETALLE_SOLICITUD,ID_CAMPO,ID_SOLICITUD,VALOR) values (710,6,10,'Juarez');
Insert into DETALLES_SOLICITUDES (ID_DETALLE_SOLICITUD,ID_CAMPO,ID_SOLICITUD,VALOR) values (711,7,10,'Martinez');
Insert into DETALLES_SOLICITUDES (ID_DETALLE_SOLICITUD,ID_CAMPO,ID_SOLICITUD,VALOR) values (712,8,10,'1990-06-30');
Insert into DETALLES_SOLICITUDES (ID_DETALLE_SOLICITUD,ID_CAMPO,ID_SOLICITUD,VALOR) values (713,9,10,'San Salvador');
Insert into DETALLES_SOLICITUDES (ID_DETALLE_SOLICITUD,ID_CAMPO,ID_SOLICITUD,VALOR) values (714,10,10,'2025-07-31');
Insert into DETALLES_SOLICITUDES (ID_DETALLE_SOLICITUD,ID_CAMPO,ID_SOLICITUD,VALOR) values (715,11,10,'San Salvador Centro');
Insert into DETALLES_SOLICITUDES (ID_DETALLE_SOLICITUD,ID_CAMPO,ID_SOLICITUD,VALOR) values (716,12,10,'6004590');
Insert into DETALLES_SOLICITUDES (ID_DETALLE_SOLICITUD,ID_CAMPO,ID_SOLICITUD,VALOR) values (717,13,10,'Oficina Central');
Insert into DETALLES_SOLICITUDES (ID_DETALLE_SOLICITUD,ID_CAMPO,ID_SOLICITUD,VALOR) values (718,1,10,'DUI');
Insert into DETALLES_SOLICITUDES (ID_DETALLE_SOLICITUD,ID_CAMPO,ID_SOLICITUD,VALOR) values (719,2,10,'08642389-6');
Insert into DETALLES_SOLICITUDES (ID_DETALLE_SOLICITUD,ID_CAMPO,ID_SOLICITUD,VALOR) values (720,4,10,'Ana');
Insert into DETALLES_SOLICITUDES (ID_DETALLE_SOLICITUD,ID_CAMPO,ID_SOLICITUD,VALOR) values (721,5,10,'Gloria');
Insert into DETALLES_SOLICITUDES (ID_DETALLE_SOLICITUD,ID_CAMPO,ID_SOLICITUD,VALOR) values (722,14,10,null);
Insert into DETALLES_SOLICITUDES (ID_DETALLE_SOLICITUD,ID_CAMPO,ID_SOLICITUD,VALOR) values (723,6,10,'Guzman');
Insert into DETALLES_SOLICITUDES (ID_DETALLE_SOLICITUD,ID_CAMPO,ID_SOLICITUD,VALOR) values (724,7,10,'Alvarenga');
Insert into DETALLES_SOLICITUDES (ID_DETALLE_SOLICITUD,ID_CAMPO,ID_SOLICITUD,VALOR) values (725,15,10,'Casada');
Insert into DETALLES_SOLICITUDES (ID_DETALLE_SOLICITUD,ID_CAMPO,ID_SOLICITUD,VALOR) values (726,8,10,'1994-12-09');
Insert into DETALLES_SOLICITUDES (ID_DETALLE_SOLICITUD,ID_CAMPO,ID_SOLICITUD,VALOR) values (727,16,10,'31');
Insert into DETALLES_SOLICITUDES (ID_DETALLE_SOLICITUD,ID_CAMPO,ID_SOLICITUD,VALOR) values (728,17,10,'Salvadorena');
Insert into DETALLES_SOLICITUDES (ID_DETALLE_SOLICITUD,ID_CAMPO,ID_SOLICITUD,VALOR) values (729,18,10,'El Salvador');
Insert into DETALLES_SOLICITUDES (ID_DETALLE_SOLICITUD,ID_CAMPO,ID_SOLICITUD,VALOR) values (730,19,10,'San Salvador');
Insert into DETALLES_SOLICITUDES (ID_DETALLE_SOLICITUD,ID_CAMPO,ID_SOLICITUD,VALOR) values (731,20,10,'San Salvador');
Insert into DETALLES_SOLICITUDES (ID_DETALLE_SOLICITUD,ID_CAMPO,ID_SOLICITUD,VALOR) values (732,21,10,'San Salvador Centro');
Insert into DETALLES_SOLICITUDES (ID_DETALLE_SOLICITUD,ID_CAMPO,ID_SOLICITUD,VALOR) values (733,22,10,'Las Amapolas');
Insert into DETALLES_SOLICITUDES (ID_DETALLE_SOLICITUD,ID_CAMPO,ID_SOLICITUD,VALOR) values (734,23,10,'El Salvador');
Insert into DETALLES_SOLICITUDES (ID_DETALLE_SOLICITUD,ID_CAMPO,ID_SOLICITUD,VALOR) values (735,24,10,'San Salvador');
Insert into DETALLES_SOLICITUDES (ID_DETALLE_SOLICITUD,ID_CAMPO,ID_SOLICITUD,VALOR) values (736,25,10,'San Salvador');
Insert into DETALLES_SOLICITUDES (ID_DETALLE_SOLICITUD,ID_CAMPO,ID_SOLICITUD,VALOR) values (737,26,10,'San Salvador Centro');
Insert into DETALLES_SOLICITUDES (ID_DETALLE_SOLICITUD,ID_CAMPO,ID_SOLICITUD,VALOR) values (738,27,10,'Las Amapolas');
Insert into DETALLES_SOLICITUDES (ID_DETALLE_SOLICITUD,ID_CAMPO,ID_SOLICITUD,VALOR) values (739,28,10,'Calle Padres Aguilar #46');
Insert into DETALLES_SOLICITUDES (ID_DETALLE_SOLICITUD,ID_CAMPO,ID_SOLICITUD,VALOR) values (740,29,10,'Profesora');
Insert into DETALLES_SOLICITUDES (ID_DETALLE_SOLICITUD,ID_CAMPO,ID_SOLICITUD,VALOR) values (741,30,10,'Profesora');
Insert into DETALLES_SOLICITUDES (ID_DETALLE_SOLICITUD,ID_CAMPO,ID_SOLICITUD,VALOR) values (742,31,10,'Si');
Insert into DETALLES_SOLICITUDES (ID_DETALLE_SOLICITUD,ID_CAMPO,ID_SOLICITUD,VALOR) values (743,32,10,'Universidad');
Insert into DETALLES_SOLICITUDES (ID_DETALLE_SOLICITUD,ID_CAMPO,ID_SOLICITUD,VALOR) values (744,33,10,'1');
Insert into DETALLES_SOLICITUDES (ID_DETALLE_SOLICITUD,ID_CAMPO,ID_SOLICITUD,VALOR) values (745,34,10,'1');
Insert into DETALLES_SOLICITUDES (ID_DETALLE_SOLICITUD,ID_CAMPO,ID_SOLICITUD,VALOR) values (746,35,10,null);
Insert into DETALLES_SOLICITUDES (ID_DETALLE_SOLICITUD,ID_CAMPO,ID_SOLICITUD,VALOR) values (747,36,10,null);
Insert into DETALLES_SOLICITUDES (ID_DETALLE_SOLICITUD,ID_CAMPO,ID_SOLICITUD,VALOR) values (748,37,10,'Cesarea');
Insert into DETALLES_SOLICITUDES (ID_DETALLE_SOLICITUD,ID_CAMPO,ID_SOLICITUD,VALOR) values (749,38,10,'Normal');
Insert into DETALLES_SOLICITUDES (ID_DETALLE_SOLICITUD,ID_CAMPO,ID_SOLICITUD,VALOR) values (750,39,10,'40');
Insert into DETALLES_SOLICITUDES (ID_DETALLE_SOLICITUD,ID_CAMPO,ID_SOLICITUD,VALOR) values (751,40,10,'Medica');
Insert into DETALLES_SOLICITUDES (ID_DETALLE_SOLICITUD,ID_CAMPO,ID_SOLICITUD,VALOR) values (752,41,10,'Doctor Alberto Ventura');
Insert into DETALLES_SOLICITUDES (ID_DETALLE_SOLICITUD,ID_CAMPO,ID_SOLICITUD,VALOR) values (753,1,10,'DUI');
Insert into DETALLES_SOLICITUDES (ID_DETALLE_SOLICITUD,ID_CAMPO,ID_SOLICITUD,VALOR) values (754,2,10,'02864391-4');
Insert into DETALLES_SOLICITUDES (ID_DETALLE_SOLICITUD,ID_CAMPO,ID_SOLICITUD,VALOR) values (755,4,10,'Jose');
Insert into DETALLES_SOLICITUDES (ID_DETALLE_SOLICITUD,ID_CAMPO,ID_SOLICITUD,VALOR) values (756,5,10,'Luis');
Insert into DETALLES_SOLICITUDES (ID_DETALLE_SOLICITUD,ID_CAMPO,ID_SOLICITUD,VALOR) values (757,14,10,null);
Insert into DETALLES_SOLICITUDES (ID_DETALLE_SOLICITUD,ID_CAMPO,ID_SOLICITUD,VALOR) values (758,6,10,'Peraza');
Insert into DETALLES_SOLICITUDES (ID_DETALLE_SOLICITUD,ID_CAMPO,ID_SOLICITUD,VALOR) values (759,7,10,'Morales');
Insert into DETALLES_SOLICITUDES (ID_DETALLE_SOLICITUD,ID_CAMPO,ID_SOLICITUD,VALOR) values (760,15,10,'Casado');
Insert into DETALLES_SOLICITUDES (ID_DETALLE_SOLICITUD,ID_CAMPO,ID_SOLICITUD,VALOR) values (761,8,10,'1990-07-12');
Insert into DETALLES_SOLICITUDES (ID_DETALLE_SOLICITUD,ID_CAMPO,ID_SOLICITUD,VALOR) values (762,16,10,'35');
Insert into DETALLES_SOLICITUDES (ID_DETALLE_SOLICITUD,ID_CAMPO,ID_SOLICITUD,VALOR) values (763,17,10,'Salvadoreno');
Insert into DETALLES_SOLICITUDES (ID_DETALLE_SOLICITUD,ID_CAMPO,ID_SOLICITUD,VALOR) values (764,18,10,null);
Insert into DETALLES_SOLICITUDES (ID_DETALLE_SOLICITUD,ID_CAMPO,ID_SOLICITUD,VALOR) values (765,19,10,null);
Insert into DETALLES_SOLICITUDES (ID_DETALLE_SOLICITUD,ID_CAMPO,ID_SOLICITUD,VALOR) values (766,20,10,null);
Insert into DETALLES_SOLICITUDES (ID_DETALLE_SOLICITUD,ID_CAMPO,ID_SOLICITUD,VALOR) values (767,21,10,null);
Insert into DETALLES_SOLICITUDES (ID_DETALLE_SOLICITUD,ID_CAMPO,ID_SOLICITUD,VALOR) values (768,22,10,null);
Insert into DETALLES_SOLICITUDES (ID_DETALLE_SOLICITUD,ID_CAMPO,ID_SOLICITUD,VALOR) values (769,23,10,'El Salvador');
Insert into DETALLES_SOLICITUDES (ID_DETALLE_SOLICITUD,ID_CAMPO,ID_SOLICITUD,VALOR) values (770,24,10,'San Salvador');
Insert into DETALLES_SOLICITUDES (ID_DETALLE_SOLICITUD,ID_CAMPO,ID_SOLICITUD,VALOR) values (771,25,10,'San Salvador');
Insert into DETALLES_SOLICITUDES (ID_DETALLE_SOLICITUD,ID_CAMPO,ID_SOLICITUD,VALOR) values (772,26,10,'San Salvador Centro');
Insert into DETALLES_SOLICITUDES (ID_DETALLE_SOLICITUD,ID_CAMPO,ID_SOLICITUD,VALOR) values (773,27,10,'Las Margaritas');
Insert into DETALLES_SOLICITUDES (ID_DETALLE_SOLICITUD,ID_CAMPO,ID_SOLICITUD,VALOR) values (774,28,10,'Calle Gerardo Barrios #44');
Insert into DETALLES_SOLICITUDES (ID_DETALLE_SOLICITUD,ID_CAMPO,ID_SOLICITUD,VALOR) values (775,29,10,'Arquitecto');
Insert into DETALLES_SOLICITUDES (ID_DETALLE_SOLICITUD,ID_CAMPO,ID_SOLICITUD,VALOR) values (776,30,10,'Arquitecto');
Insert into DETALLES_SOLICITUDES (ID_DETALLE_SOLICITUD,ID_CAMPO,ID_SOLICITUD,VALOR) values (777,31,10,'Si');
Insert into DETALLES_SOLICITUDES (ID_DETALLE_SOLICITUD,ID_CAMPO,ID_SOLICITUD,VALOR) values (778,42,10,'Hospital Nacional');
Insert into DETALLES_SOLICITUDES (ID_DETALLE_SOLICITUD,ID_CAMPO,ID_SOLICITUD,VALOR) values (779,9,10,'San Salvador');
Insert into DETALLES_SOLICITUDES (ID_DETALLE_SOLICITUD,ID_CAMPO,ID_SOLICITUD,VALOR) values (780,18,10,'El Salvador');
Insert into DETALLES_SOLICITUDES (ID_DETALLE_SOLICITUD,ID_CAMPO,ID_SOLICITUD,VALOR) values (781,19,10,'San Salvador');
Insert into DETALLES_SOLICITUDES (ID_DETALLE_SOLICITUD,ID_CAMPO,ID_SOLICITUD,VALOR) values (782,20,10,'San Salvador');
Insert into DETALLES_SOLICITUDES (ID_DETALLE_SOLICITUD,ID_CAMPO,ID_SOLICITUD,VALOR) values (783,21,10,'San Salvador Centro');
Insert into DETALLES_SOLICITUDES (ID_DETALLE_SOLICITUD,ID_CAMPO,ID_SOLICITUD,VALOR) values (784,22,10,'Canton Arenales');
Insert into DETALLES_SOLICITUDES (ID_DETALLE_SOLICITUD,ID_CAMPO,ID_SOLICITUD,VALOR) values (785,43,10,'Carretera Troncal Norte #118');
Insert into DETALLES_SOLICITUDES (ID_DETALLE_SOLICITUD,ID_CAMPO,ID_SOLICITUD,VALOR) values (786,4,10,'Lorenzo');
Insert into DETALLES_SOLICITUDES (ID_DETALLE_SOLICITUD,ID_CAMPO,ID_SOLICITUD,VALOR) values (787,5,10,'Antonio');
Insert into DETALLES_SOLICITUDES (ID_DETALLE_SOLICITUD,ID_CAMPO,ID_SOLICITUD,VALOR) values (788,6,10,'Miranda');
Insert into DETALLES_SOLICITUDES (ID_DETALLE_SOLICITUD,ID_CAMPO,ID_SOLICITUD,VALOR) values (789,7,10,'Lopez');
Insert into DETALLES_SOLICITUDES (ID_DETALLE_SOLICITUD,ID_CAMPO,ID_SOLICITUD,VALOR) values (790,44,10,'3000');
Insert into DETALLES_SOLICITUDES (ID_DETALLE_SOLICITUD,ID_CAMPO,ID_SOLICITUD,VALOR) values (791,45,10,'50');
Insert into DETALLES_SOLICITUDES (ID_DETALLE_SOLICITUD,ID_CAMPO,ID_SOLICITUD,VALOR) values (792,8,10,'2025-07-29');
Insert into DETALLES_SOLICITUDES (ID_DETALLE_SOLICITUD,ID_CAMPO,ID_SOLICITUD,VALOR) values (793,46,10,'21:08');
Insert into DETALLES_SOLICITUDES (ID_DETALLE_SOLICITUD,ID_CAMPO,ID_SOLICITUD,VALOR) values (794,47,10,'Masculino');
Insert into DETALLES_SOLICITUDES (ID_DETALLE_SOLICITUD,ID_CAMPO,ID_SOLICITUD,VALOR) values (795,48,10,'450');
Insert into DETALLES_SOLICITUDES (ID_DETALLE_SOLICITUD,ID_CAMPO,ID_SOLICITUD,VALOR) values (796,1,10,'DUI');
Insert into DETALLES_SOLICITUDES (ID_DETALLE_SOLICITUD,ID_CAMPO,ID_SOLICITUD,VALOR) values (797,2,10,'05687436-9');
Insert into DETALLES_SOLICITUDES (ID_DETALLE_SOLICITUD,ID_CAMPO,ID_SOLICITUD,VALOR) values (798,4,10,'Carlos');
Insert into DETALLES_SOLICITUDES (ID_DETALLE_SOLICITUD,ID_CAMPO,ID_SOLICITUD,VALOR) values (799,5,10,'Emilio');
Insert into DETALLES_SOLICITUDES (ID_DETALLE_SOLICITUD,ID_CAMPO,ID_SOLICITUD,VALOR) values (800,14,10,null);
Insert into DETALLES_SOLICITUDES (ID_DETALLE_SOLICITUD,ID_CAMPO,ID_SOLICITUD,VALOR) values (801,6,10,'Perdomo');
Insert into DETALLES_SOLICITUDES (ID_DETALLE_SOLICITUD,ID_CAMPO,ID_SOLICITUD,VALOR) values (802,7,10,'Lopez');
Insert into DETALLES_SOLICITUDES (ID_DETALLE_SOLICITUD,ID_CAMPO,ID_SOLICITUD,VALOR) values (803,8,10,'1993-11-30');
Insert into DETALLES_SOLICITUDES (ID_DETALLE_SOLICITUD,ID_CAMPO,ID_SOLICITUD,VALOR) values (804,16,10,'32');
Insert into DETALLES_SOLICITUDES (ID_DETALLE_SOLICITUD,ID_CAMPO,ID_SOLICITUD,VALOR) values (805,49,10,'Padre');
Insert into DETALLES_SOLICITUDES (ID_DETALLE_SOLICITUD,ID_CAMPO,ID_SOLICITUD,VALOR) values (806,47,10,'Masculino');
Insert into DETALLES_SOLICITUDES (ID_DETALLE_SOLICITUD,ID_CAMPO,ID_SOLICITUD,VALOR) values (807,50,10,null);
Insert into DETALLES_SOLICITUDES (ID_DETALLE_SOLICITUD,ID_CAMPO,ID_SOLICITUD,VALOR) values (808,53,10,null);
Insert into DETALLES_SOLICITUDES (ID_DETALLE_SOLICITUD,ID_CAMPO,ID_SOLICITUD,VALOR) values (809,29,10,'Transportista');
Insert into DETALLES_SOLICITUDES (ID_DETALLE_SOLICITUD,ID_CAMPO,ID_SOLICITUD,VALOR) values (810,17,10,'Salvadoreno');
Insert into DETALLES_SOLICITUDES (ID_DETALLE_SOLICITUD,ID_CAMPO,ID_SOLICITUD,VALOR) values (811,18,10,'El Salvador');
Insert into DETALLES_SOLICITUDES (ID_DETALLE_SOLICITUD,ID_CAMPO,ID_SOLICITUD,VALOR) values (812,19,10,'San Salvador');
Insert into DETALLES_SOLICITUDES (ID_DETALLE_SOLICITUD,ID_CAMPO,ID_SOLICITUD,VALOR) values (813,20,10,'San Salvador');
Insert into DETALLES_SOLICITUDES (ID_DETALLE_SOLICITUD,ID_CAMPO,ID_SOLICITUD,VALOR) values (814,21,10,'San Salvador Centro');
Insert into DETALLES_SOLICITUDES (ID_DETALLE_SOLICITUD,ID_CAMPO,ID_SOLICITUD,VALOR) values (815,22,10,'Canton Los Rosales');
Insert into DETALLES_SOLICITUDES (ID_DETALLE_SOLICITUD,ID_CAMPO,ID_SOLICITUD,VALOR) values (816,43,10,'Boulevard del Ejercito #46');
Insert into DETALLES_SOLICITUDES (ID_DETALLE_SOLICITUD,ID_CAMPO,ID_SOLICITUD,VALOR) values (817,51,10,'Soyapango');
Insert into DETALLES_SOLICITUDES (ID_DETALLE_SOLICITUD,ID_CAMPO,ID_SOLICITUD,VALOR) values (818,52,10,'Soyapango');